peptide_id,sequence_length,n_trp,n_tyr,n_phe,n_pro,epsilon_214_published,purity,aaa_ratio,aaa_cv,actual_concentration,rt,height,area,conc_u_m,hplc_dilution_factor,batch,aaa_adj,hplc_conc_raw,hplc_df,hplc_adj,purity_num,diff_adj,mean_xy,ratio,diff_pct_relAAA,diff_pct_of_mean,log2fc,pct_diff
PEP-0011,7,0,0,1,0,11100,100.0,0.82775,10.4354274818214,1.6555,12.7013333333333,1019.93399855135,168.156978032086,50.4975910006264,5,1,1655.5,50.4975910006264,5,757.463865009396,100.0,-898.036134990604,1206.481932504698,0.4575438628869804,-54.24561371130196,-74.43427960220258,-1.1280180394990045,-54.24561371130196
PEP-0027,7,0,1,0,0,16420,98.366,0.68835,18.9176956704792,1.354204722,,,332.924715611443,67.5852041436142,5,1,1354.204722,67.5852041436142,5,1013.7780621542132,98.366,-340.42665984578684,1183.9913920771064,0.7486150695568267,-25.13849304431733,-28.75246071245228,-0.4177040050303575,-25.13849304431733
PEP-0079,7,0,0,0,0,5832,1.0,0.55065,16.7441780958725,1.1013,10.2665,253.885526332825,36.1871427156293,20.6830948306066,5,4,1101.3,20.6830948306066,5,310.246422459099,1.0,-791.053577540901,705.7732112295495,0.2817092730946146,-71.82907269053855,-112.0832535089823,-1.8277210408393247,-71.82907269053855
PEP-0287,16,0,0,0,0,24909,0.90703,0.541285714,11.75285348,1.082571428,9.7475,1229.58489068514,449.476587996294,60.1491546557863,5,6,1082.571428,60.1491546557863,5,902.2373198367944,0.90703,-180.33410816320557,992.4043739183973,0.8334205914741678,-16.65794085258322,-18.171434236144744,-0.262883349477723,-16.65794085258322
PEP-0084,7,0,0,0,0,5926,1.0,0.5253,15.9658570912634,1.0506,10.5546666666667,309.837808398932,43.9339473482323,24.7125364766747,5,4,1050.6,24.7125364766747,5,370.6880471501205,1.0,-679.9119528498794,710.6440235750601,0.3528346156007239,-64.71653843992762,-95.67546201675266,-1.5029359883408575,-64.71653843992762
PEP-0080,7,0,0,1,0,11171,0.93433,0.462875,15.3039485383516,0.8649559975,10.4683333333333,430.445640925094,72.4008921366913,21.6038230348495,5,4,864.9559975,21.6038230348495,5,324.05734552274254,0.93433,-540.8986519772575,594.5066715113712,0.3746518279072833,-62.53481720927168,-90.9827724224137,-1.4163776045622736,-62.53481720927168
PEP-0068,7,0,1,0,0,11236,0.95914,0.448375,14.6506281053215,0.860108795,9.8045,656.678297521779,90.15314361731,26.7453256251661,5,4,860.108795,26.7453256251661,5,401.1798843774915,0.95914,-458.9289106225085,630.6443396887457,0.4664292316386457,-53.35707683613542,-72.77143101752291,-1.1002698882130395,-53.35707683613542
PEP-0009,7,0,0,1,1,18976,92.488,0.4545,7.96193932793057,0.84071592,11.162,1290.77302201226,177.975403788121,36.3935553622725,5,1,840.71592,36.3935553622725,5,545.9033304340875,92.488,-294.8125895659125,693.3096252170437,0.649331501221111,-35.06684987788889,-42.52250060333723,-0.622972893911188,-35.06684987788889
PEP-0289,16,0,1,0,0,35205,0.34535,0.4153,16.15480879,0.8306,,,487.951128461922,46.2009305933742,5,6,830.6,46.2009305933742,5,693.013958900613,0.34535,-137.586041099387,761.8069794503065,0.834353429930909,-16.5646570069091,-18.060485767492484,-0.2612694598996821,-16.5646570069091
PEP-0077,7,0,1,0,0,11153,0.96733,0.4123125,17.7893558151096,0.79768450125,9.867,584.382691443436,89.6174433760607,26.7842563663172,5,4,797.68450125,26.7842563663172,5,401.763845494758,0.96733,-395.920655755242,599.724173372379,0.5036625945034406,-49.63374054965595,-66.01712476068697,-0.9894705045071792,-49.63374054965595
PEP-0349,12,0,0,1,0,15992,0.95412,0.397,17.19,0.794,10.4075,617.080386842596,203.465173604636,42.409782725662,5,6,794.0,42.409782725662,5,636.14674088493,0.95412,-157.85325911507005,715.0733704424649,0.8011923688727077,-19.880763112729227,-22.07511363727549,-0.31977941492737,-19.880763112729227
PEP-0081,7,0,0,1,0,10996,0.88536,0.446,11.4046022306813,0.78974112,10.5948333333333,474.147718332957,67.267323950342,20.3914526343949,5,4,789.7411199999999,20.3914526343949,5,305.87178951592347,0.88536,-483.8693304840765,547.8064547579617,0.387306399236149,-61.26936007638509,-88.32851936691131,-1.36845275652139,-61.26936007638509
PEP-0105,7,0,0,1,0,16093,0.96286,0.408375,11.001976000451,0.786415905,11.5921666666667,1094.71976434408,287.33579493931,59.5156890033576,5,4,786.4159050000001,59.5156890033576,5,892.735335050364,0.96286,106.31943005036396,839.575620025182,1.135194913244238,13.519491324423804,12.663472772967731,0.1829400298760121,13.519491324423804
PEP-0012,7,0,0,0,0,5992,92.434,0.4155,23.4309656782439,0.76812654,10.0653333333333,538.468970147442,102.076654315999,56.7849656853576,5,1,768.12654,56.7849656853576,5,851.7744852803639,92.434,83.64794528036396,809.950512640182,1.108898652662573,10.889865266257296,10.327537790882824,0.149127517003264,10.889865266257296
PEP-0047,8,0,0,0,0,12219,91.509,0.418125,6.8648249762828,0.7652440125,9.43716666666667,536.304457530006,216.842986853386,59.1545917160122,5,1,765.2440124999999,59.1545917160122,5,887.318875740183,91.509,122.07486324018303,826.2814441200915,1.1595241011313149,15.952410113131467,14.774005166021944,0.2135328072381341,15.952410113131467
PEP-0133,7,0,0,1,0,11108,1.0,0.3819375,15.2066296584085,0.763875,10.0695,578.296951115799,143.512615000014,43.0658429360263,5,4,763.875,43.0658429360263,5,645.9876440403945,1.0,-117.88735595960554,704.9313220201973,0.8456719280515719,-15.432807194842812,-16.72323987842718,-0.241830005501056,-15.432807194842812
PEP-0123,9,0,0,2,0,18200,0.89517,0.4262,13.7137495057512,0.763042908,11.1435,1071.66198787808,264.168251250609,48.3824635990126,5,4,763.042908,48.3824635990126,5,725.7369539851891,0.89517,-37.305954014810936,744.3899309925946,0.9511089695957032,-4.889103040429665,-5.011614539850898,-0.0723174531820388,-4.889103040429665
PEP-0124,11,0,1,1,1,32968,1.0,0.3805,12.6269089872598,0.761,8.70483333333333,1139.44754812282,561.947072677081,61.8346452620607,5,4,761.0,61.8346452620607,5,927.5196789309103,1.0,166.51967893091046,844.2598394654552,1.2188169236937063,21.881692369370622,19.723747494176997,0.2854814375947589,21.881692369370622
PEP-0083,8,0,0,1,0,17044,0.98797,0.3770625,10.3887768550942,0.74505287625,9.76533333333333,474.368162662332,107.404671936922,21.0053727483614,5,4,745.05287625,21.0053727483614,5,315.08059122542096,0.98797,-429.9722850245791,530.0667337377105,0.4228969530475266,-57.71030469524734,-81.11663261579805,-1.241621929032492,-57.71030469524734
PEP-0344,13,0,0,1,0,22294,0.95236,0.368833333,13.0,0.737666666,10.8225,778.417923301815,219.077977972687,32.7558951545539,5,6,737.666666,32.7558951545539,5,491.3384273183085,0.95236,-246.32823868169152,614.5025466591542,0.6660710724297639,-33.39289275702361,-40.08579622995806,-0.5862519680844,-33.39289275702361
PEP-0290,16,0,0,1,2,35124,0.97898,0.3655,13.44752493,0.731,9.45716666666667,827.561929751491,441.3838987989,49.4149144442467,5,6,731.0,49.4149144442467,5,741.2237166637004,0.97898,10.22371666370043,736.1118583318503,1.013985932508482,1.398593250848212,1.3888808539056878,0.0200376373106503,1.398593250848212
PEP-0085,10,0,1,1,1,27112,0.95389,0.38240625,11.456415285288,0.729546995625,10.1401666666667,828.81277026763,172.4907762371,23.5286350257261,5,4,729.546995625,23.5286350257261,5,352.9295253858915,0.95389,-376.6174702391085,541.2382605054457,0.4837653057340578,-51.62346942659421,-69.58441369008116,-1.047620787827104,-51.62346942659421
PEP-0104,8,0,0,1,0,12104,0.93186,0.386785714285714,12.3966918783411,0.720860271428571,12.2826666666667,1009.50637509705,178.877306642011,49.261210245101,5,4,720.860271428571,49.261210245101,5,738.918153676515,0.93186,18.057882247944008,729.889212552543,1.025050461183216,2.505046118321605,2.4740579717286977,0.0356949324691137,2.505046118321605
PEP-0025,7,0,0,0,0,5904,100.0,0.3573,14.3242548885302,0.7146,10.168,501.328651874127,94.1966495047236,53.1823901901104,5,1,714.6,53.1823901901104,5,797.735852851656,100.0,83.13585285165595,756.167926425828,1.116339004830193,11.633900483019303,10.994363810775925,0.1587752048722416,11.633900483019303
PEP-0010,7,0,0,1,0,10995,100.0,0.3556875,13.6113144753649,0.711375,8.91333333333333,634.90965559901,168.382270343747,51.0481341045164,5,1,711.375,51.0481341045164,5,765.722011567746,100.0,54.347011567746,738.548505783873,1.0763971345180052,7.639713451800526,7.358624537472149,0.1062104554906649,7.639713451800526
PEP-0292,16,0,1,1,2,35374,1.0,0.354875,68.91321032,0.70975,10.8076666666667,781.711331281505,191.646445986757,21.2770279317387,5,6,709.75,21.2770279317387,5,319.1554189760805,1.0,-390.5945810239195,514.4527094880402,0.4496730101811631,-55.03269898188368,-75.92429271343936,-1.1530518002651746,-55.03269898188368
PEP-0087,8,0,0,0,0,6783,0.89398,0.394125,21.2866834508926,0.704679735,10.1391666666667,324.86991143867,48.720452200032,23.9424306845703,5,4,704.679735,23.9424306845703,5,359.1364602685545,0.89398,-345.54327473144554,531.9080976342773,0.5096449385883851,-49.03550614116149,-64.96296564543559,-0.9724356002205982,-49.03550614116149
PEP-0069,11,0,0,0,1,17593,0.96736,0.3623125,9.12753603694695,0.70097324,8.4055,402.081144822703,130.827124385003,29.2324986336424,5,4,700.97324,29.2324986336424,5,438.487479504636,0.96736,-262.48576049536405,569.730359752318,0.6255409685890947,-37.445903141090525,-46.07192788698779,-0.6768237208962873,-37.445903141090525
PEP-0082,12,0,0,0,0,16000,1.0,0.347333333333333,14.2483492839885,0.694666666666667,9.12416666666667,389.095123740804,106.143909666964,22.1133145139508,5,4,694.666666666667,22.1133145139508,5,331.699717709262,1.0,-362.96694895740495,513.1831921879646,0.4774947951668837,-52.25052048331163,-70.72853407569521,-1.066443087451752,-52.25052048331163
PEP-0007,7,0,1,0,0,11278,84.388,0.40605,22.284340634689,0.685314948,10.8076666666667,1074.97824845581,234.490649536398,69.3062155040485,5,1,685.3149480000001,69.3062155040485,5,1039.5932325607275,84.388,354.27828456072746,862.4540902803637,1.5169568905430142,51.69568905430142,41.07792966064546,0.6011800871119577,51.69568905430142
PEP-0091,7,0,1,0,0,16242,0.90198,0.37625,13.8044244746304,0.67873995,9.61066666666667,415.311952265669,117.686610072866,24.1527336684451,5,4,678.73995,24.1527336684451,5,362.2910050266765,0.90198,-316.4489449733235,520.5154775133383,0.5337699733552983,-46.62300266447016,-60.79529978341795,-0.9057099443528228,-46.62300266447016
PEP-0065,7,0,0,0,0,11055,0.6909,0.484125,14.5846690285346,0.668963925,7.45416666666667,218.298353991,96.0719624409467,28.9678765086527,5,4,668.963925,28.9678765086527,5,434.5181476297905,0.6909,-234.4457773702095,551.7410363148953,0.6495389831817769,-35.04610168182231,-42.49199568987728,-0.6225119808303735,-35.04610168182231
PEP-0013,7,0,1,0,0,11203,89.574,0.3705,19.3211174072712,0.66374334,11.339,813.501952052133,139.659845451271,41.5542995778724,5,1,663.74334,41.5542995778724,5,623.314493668086,89.574,-40.42884633191397,643.528916834043,0.9390896391790328,-6.091036082096729,-6.282366693141157,-0.0906652204728925,-6.091036082096729
PEP-0071,11,0,2,0,0,20571,0.88951,0.3721,14.8781953195403,0.661973342,9.95483333333333,867.973163740322,127.590688560376,20.6748478538357,5,4,661.973342,20.6748478538357,5,310.12271780753554,0.88951,-351.85062419246447,486.04802990376777,0.4684821852048772,-53.15178147951227,-72.39009368315453,-1.0939339067792908,-53.15178147951227
PEP-0093,9,0,0,1,1,15729,0.75863,0.432857142857143,20.3914931329294,0.656756828571429,10.7445,602.143960344901,80.7644906684072,20.6231782514701,5,4,656.7568285714291,20.6231782514701,5,309.3476737720515,0.75863,-347.4091547993776,483.0522511717403,0.4710231554728429,-52.8976844527157,-71.91958094733373,-1.0861301104957988,-52.8976844527157
PEP-0024,7,0,0,0,1,8540,91.768,0.356625,10.8797666410072,0.65453526,11.5286666666667,1119.56823927077,99.1321830688976,56.341110013582,5,1,654.53526,56.341110013582,5,845.11665020373,91.768,190.58139020373005,749.825955101865,1.291170547792536,29.11705477925361,25.41675023477138,0.368679575551238,29.11705477925361
PEP-0108,8,0,0,1,1,14728,0.95821,0.3402,14.3946099460335,0.651966084,11.6933333333333,993.980038016479,251.520337546332,69.5595391317048,5,4,651.966084,69.5595391317048,5,1043.393086975572,0.95821,391.427002975572,847.679585487786,1.6003793948514229,60.0379394851423,46.17629227797559,0.6784139589792081,60.0379394851423
PEP-0114,8,0,0,1,0,12013,0.9149,0.354375,9.49861452784277,0.648435375,12.092,831.586437346963,198.03415930568,54.9499595731513,5,4,648.435375,54.9499595731513,5,824.2493935972694,0.9149,175.8140185972694,736.3423842986347,1.271135760594908,27.113576059490804,23.876666934598923,0.3461181221425658,27.113576059490804
PEP-0088,8,0,0,1,0,12156,0.94247,0.342964285714286,18.0385704516138,0.646467100714286,10.1861666666667,485.320695020419,59.1723018862031,16.2258149298572,5,4,646.4671007142861,16.2258149298572,5,243.387223947858,0.94247,-403.079876766428,444.92716233107205,0.3764881827380508,-62.35118172619491,-90.5945761222136,-1.4093235127863653,-62.35118172619491
PEP-0112,9,0,1,1,0,18306,0.98943,0.32446875,11.7544184832185,0.642078230625,12.0971666666667,1197.53218912022,233.12968110459,42.4505045894953,5,4,642.0782306250001,42.4505045894953,5,636.7575688424296,0.98943,-5.3206617825704825,639.4178997337149,0.9917133745877176,-0.8286625412282458,-0.8321102341342443,-0.0120048823518196,-0.8286625412282458
PEP-0291,15,0,0,1,3,26806,0.65187,0.32015625,11.38408631,0.6403125,,,386.870927352458,68.6635300485346,5,6,640.3125,68.6635300485346,5,1029.952950728019,0.65187,389.640450728019,835.1327253640095,1.6085160772716744,60.85160772716743,46.65611092634244,0.6857303559373094,60.85160772716743
PEP-0030,7,0,0,1,0,16212,94.298,0.335,8.03811370896294,0.6317966,9.067,816.038479504246,226.83670003587,46.639670210517,5,1,631.7966,46.639670210517,5,699.5950531577549,94.298,67.79845315775492,665.6958265788775,1.1073105698222416,10.731056982224173,10.18459939972623,0.1470599147144806,10.731056982224173
PEP-0138,8,0,0,2,0,17066,0.95128,0.3309,10.7361084589725,0.629557104,10.8811666666667,781.546433100821,278.913989237713,54.4775165509812,5,4,629.557104,54.4775165509812,5,817.162748264718,0.95128,187.605644264718,723.359926132359,1.2979962311166582,29.79962311166581,25.93531069212013,0.3762861943099321,29.79962311166581
PEP-0092,8,0,0,2,0,17286,0.89299,0.35055,12.1411397470133,0.626075289,10.493,632.32489164521,91.4297440361115,17.6307886991615,5,4,626.075289,17.6307886991615,5,264.4618304874225,0.89299,-361.6134585125775,445.2685597437113,0.4224121844991433,-57.75878155008567,-81.21243923458594,-1.2432766449851227,-57.75878155008567
PEP-0056,10,0,1,0,0,19106,0.91593,0.341357142857143,17.915754410377,0.625318495714286,7.05833333333333,257.930117755026,117.840855077935,20.5591358871445,5,4,625.318495714286,20.5591358871445,5,308.3870383071675,0.91593,-316.9314574071185,466.8527670107267,0.4931679462877625,-50.68320537122374,-67.88681138947527,-1.0198490608288333,-50.68320537122374
PEP-0055,9,0,0,0,1,15595,0.7304,0.41765625,12.5457285925356,0.61011225,,,140.278462798335,36.1915538695394,5,4,610.11225,36.1915538695394,5,542.873308043091,0.7304,-67.238941956909,576.4927790215455,0.8897925062856729,-11.020749371432716,-11.663449119177267,-0.1684591465085497,-11.020749371432716
PEP-0064,7,0,0,1,0,10932,0.902,0.3339375,13.1156307310721,0.60242325,8.8415,332.504774006349,76.0067497913988,23.1756158651661,5,4,602.4232499999999,23.1756158651661,5,347.6342379774915,0.902,-254.7890120225084,475.02874398874576,0.5770597963765368,-42.29402036234632,-53.63654626098685,-0.7932072726091713,-42.29402036234632
PEP-0120,7,0,1,0,0,11188,0.96675,0.3111,16.7601783467127,0.60151185,12.4656666666667,709.543915310744,103.259896931777,30.7650747621788,5,4,601.51185,30.7650747621788,5,461.476121432682,0.96675,-140.03572856731802,531.493985716341,0.7671937326466336,-23.28062673533664,-26.347565980183127,-0.3823371601368367,-23.28062673533664
PEP-0066,7,0,0,0,0,10971,0.62821,0.474642857142857,14.1858937571055,0.596350778571429,7.59433333333333,190.343835669766,92.203572316801,28.0143324269441,5,4,596.350778571429,28.0143324269441,5,420.2149864041615,0.62821,-176.13579216726754,508.2828824877953,0.704643980529036,-29.5356019470964,-34.65310326902399,-0.5050335710749858,-29.5356019470964
PEP-0106,9,0,1,2,1,31255,1.0,0.294964285714286,12.7782581175169,0.589928571428571,10.9391666666667,1154.0966670445,362.894816833781,42.3250311212714,5,4,589.928571428571,42.3250311212714,5,634.875466819071,1.0,44.9468953905,612.402019123821,1.0761904026476572,7.619040264765716,7.339442716862146,0.1059333461606959,7.619040264765716
PEP-0245,13,0,0,1,1,34787,1.0,0.290125,13.8018479042163,0.58025,,,199.060145696509,20.6631109550437,5,5,580.25,20.6631109550437,5,309.9466643256555,1.0,-270.3033356743445,445.0983321628278,0.5341605589412417,-46.58394410587584,-60.7289032877034,-0.904654639918747,-46.58394410587584
PEP-0343,13,0,1,1,0,27522,1.0,0.29,13.51,0.58,10.8833333333333,818.056062903025,211.187210490258,25.5779873665017,5,6,580.0,25.5779873665017,5,383.6698104975255,1.0,-196.33018950247447,481.8349052487628,0.6614996732715956,-33.850032672840435,-40.74636091403813,-0.5961876509602283,-33.850032672840435
PEP-0050,8,0,1,1,0,17365,98.057,0.2943,14.5177203399653,0.577163502,12.4311666666667,1177.56176793362,226.47542202234,43.4735429546675,5,1,577.163502,43.4735429546675,5,652.1031443200125,98.057,74.93964232001247,614.6333231600063,1.1298412703858265,12.984127038582642,12.192577183210023,0.176120104930489,12.984127038582642
PEP-0146,7,0,0,3,0,21316,0.93304,0.304,8.94531226374154,0.56728832,12.076,992.033557185558,340.735414918221,53.2832011819324,5,4,567.28832,53.2832011819324,5,799.2480177289859,0.93304,231.95969772898596,683.268168864493,1.4088920740144728,40.88920740144728,33.94855904299979,0.4945611004710463,40.88920740144728
PEP-0059,7,0,1,0,1,13805,0.80466,0.35125,13.5513472268991,0.56527365,8.7915,424.610954961123,73.3213274123264,21.9590678084236,5,4,565.27365,21.9590678084236,5,329.38601712635403,0.80466,-235.88763287364597,447.329833563177,0.5827018774470631,-41.72981225529369,-52.73237221731852,-0.7791701358767388,-41.72981225529369
PEP-0314,16,0,3,1,1,48518,0.70746,0.282138889,11.39925373,0.564277778,,,673.137690645875,48.9451454344811,5,6,564.277778,48.9451454344811,5,734.1771815172165,0.70746,169.89940351721646,649.2274797586083,1.301091785183177,30.1091785183177,26.16947199776377,0.3797227401939011,30.1091785183177
PEP-0102,10,0,1,0,0,14330,0.88838,0.3164375,14.2989001266413,0.5622334925,11.3273333333333,1032.62273527424,152.493298659872,35.471807085339,5,4,562.2334925,35.471807085339,5,532.077106280085,0.88838,-30.15638621991502,547.1552993900425,0.9463632340972375,-5.36367659027624,-5.511485725082576,-0.0795340683524206,-5.36367659027624
PEP-0032,7,0,0,0,0,5980,80.964,0.346125,8.99611370846893,0.56047329,11.5178333333333,901.53488708048,68.936321639063,38.4260432770696,5,1,560.47329,38.4260432770696,5,576.390649156044,80.964,15.917359156043972,568.4319695780221,1.0283998531955805,2.839985319558042,2.8002223674823026,0.0404013093390265,2.839985319558042
PEP-0115,9,0,0,2,0,18344,0.8386,0.333166666666667,14.2568652723114,0.558787133333333,12.3558333333333,1055.79054744796,247.754445887316,45.020069393683,5,4,558.7871333333329,45.020069393683,5,675.301040905245,0.8386,116.51390757191211,617.044087119289,1.2085121518043405,20.85121518043404,18.8825904022296,0.2732319797313144,20.85121518043404
PEP-0139,8,0,0,3,0,27345,0.98091,0.2814,14.0203044624818,0.552056148,9.9105,618.197942534398,310.83924478665,37.8910519639971,5,4,552.056148,37.8910519639971,5,568.3657794599565,0.98091,16.30963145995645,560.2109637299782,1.029543428723769,2.954342872376896,2.911337427486995,0.0420046877486374,2.954342872376896
PEP-0078,9,0,0,0,1,10363,1.0,0.2754,2.39279767282013,0.5508,11.406,259.987211702155,33.5126633571017,14.530291084418,5,4,550.8,14.530291084418,5,217.95436626627,1.0,-332.84563373373,384.37718313313496,0.3957050948915577,-60.42949051084423,-86.59349418730814,-1.3375024540714056,-60.42949051084423
PEP-0142,8,0,0,3,0,22228,0.97984,0.2810625,20.7949087671888,0.55079256,11.2453333333333,837.731461526148,262.340447352006,39.3408384847948,5,4,550.79256,39.3408384847948,5,590.112577271922,0.97984,39.320017271921984,570.4525686359609,1.0713880689890256,7.138806898902553,6.892775917538971,0.0994811353626425,7.138806898902553
PEP-0117,9,0,0,1,0,13119,0.72429,0.379714285714286,14.996862005389,0.55004652,11.9328333333333,899.475392068591,184.534306953632,46.8872899239353,5,4,550.04652,46.8872899239353,5,703.3093488590295,0.72429,153.26282885902947,626.6779344295147,1.2786361212848496,27.863612128484963,24.4563946548636,0.354605755455613,27.863612128484963
PEP-0022,7,0,0,1,0,11200,100.0,0.273,13.57042751124,0.546,11.751,804.04803094483,124.677757164667,37.1064753466271,5,1,546.0,37.1064753466271,5,556.5971301994065,100.0,10.59713019940648,551.2985650997032,1.0194086633688764,1.940866336887633,1.9222125487466075,0.0277325190447697,1.940866336887633
PEP-0001,7,0,0,1,1,13691,94.497,0.287,10.8260929250113,0.54241278,10.9381666666667,909.934095320536,155.180425387443,46.9560715890352,5,1,542.41278,46.9560715890352,5,704.3410738355279,94.497,161.92829383552794,623.376926917764,1.2985333307145306,29.853333071453065,25.97598448761476,0.3768830455445618,29.853333071453065
PEP-0042,7,0,0,1,0,11156,97.545,0.2775,8.89568362978897,0.54137475,11.7273333333333,716.107272866066,121.770829864981,36.38425656298,5,1,541.3747500000001,36.38425656298,5,545.7638484447,97.545,4.3890984446999255,543.5692992223501,1.0081073201967767,0.8107320196776678,0.8074588559322847,0.0116492321652006,0.8107320196776678
PEP-0040,7,0,1,0,0,11238,93.328,0.2889,18.9870782190474,0.539249184,11.8135,1333.36427875803,118.423809178319,35.1260037902115,5,1,539.249184,35.1260037902115,5,526.8900568531725,93.328,-12.359127146827518,533.0696204265862,0.9770808607346404,-2.2919139265359587,-2.3184827409480198,-0.0334501339694432,-2.2919139265359587
PEP-0039,7,0,0,0,0,5956,86.317,0.312,8.54634078588038,0.53861808,11.5018333333333,921.903173749512,74.2955682965039,41.5802374616655,5,1,538.61808,41.5802374616655,5,623.7035619249824,86.317,85.08548192498245,581.1608209624912,1.157969969973868,15.796996997386804,14.64060873616151,0.2115978399147631,15.796996997386804
PEP-0016,7,0,0,0,0,5950,97.263,0.27615,10.6967073429549,0.537183549,10.7805,455.825323080187,66.536013679608,37.2750776916571,5,1,537.183549,37.2750776916571,5,559.1261653748566,97.263,21.942616374856584,548.1548571874282,1.0408475211418966,4.0847521141896665,4.002995884674582,0.0577587366443905,4.0847521141896665
PEP-0008,7,0,0,0,1,8717,93.921,0.2845,11.9285433363136,0.53441049,10.9666666666667,605.180552694828,110.948560921563,61.2096220465423,5,1,534.41049,61.2096220465423,5,918.1443306981344,93.921,383.7338406981345,726.2774103490672,1.7180507266953808,71.80507266953808,52.83571197866424,0.7807726337240267,71.80507266953808
PEP-0041,7,0,0,0,0,6030,97.08,0.274125,10.2699449406968,0.5322411,11.8443333333333,461.867286563528,77.0986282577214,42.6194738848654,5,1,532.2411000000001,42.6194738848654,5,639.292108272981,97.08,107.05100827298088,585.7666041364905,1.2011325473981262,20.113254739812625,18.275368980925503,0.2643953641347319,20.113254739812625
PEP-0038,7,0,0,0,0,11047,82.908,0.3192,8.38917797761083,0.529284672,11.1065,1109.88068458775,126.690119807055,38.2276092474746,5,1,529.284672,38.2276092474746,5,573.414138712119,82.908,44.12946671211898,551.3494053560595,1.0833756748431191,8.337567484311917,8.003902114235586,0.1155336032899065,8.337567484311917
PEP-0121,9,0,0,0,1,10411,0.98259,0.269071428571428,13.449033924734,0.52877379,8.71666666666667,813.053212875402,122.898528609716,52.9552432823664,5,4,528.7737900000001,52.9552432823664,5,794.3286492354961,0.98259,265.554859235496,661.5512196177481,1.5022088164307386,50.22088164307387,40.14123946274888,0.587085370435213,50.22088164307387
PEP-0122,8,0,0,1,0,12134,0.86919,0.3035,11.8189788387367,0.52759833,9.80966666666667,648.127477544318,170.556079225658,46.8534913536779,5,4,527.59833,46.8534913536779,5,702.8023703051686,0.86919,175.20404030516852,615.2003501525843,1.3320784588252363,33.20784588252364,28.4791841002226,0.41367905900417,33.20784588252364
PEP-0076,7,0,0,0,1,8578,0.89526,0.291642857142857,14.5196484397129,0.522192368571429,9.48033333333333,357.210606503713,45.5754542404829,25.7357582249043,5,4,522.192368571429,25.7357582249043,5,386.03637337356446,0.89526,-136.15599519786457,454.1143709724968,0.7392608483146758,-26.073915168532423,-29.98275410361563,-0.4358445854968525,-26.073915168532423
PEP-0070,11,0,0,1,0,15100,0.84802,0.30696875,11.9299558663648,0.52063127875,9.59483333333333,610.798072554959,75.9603513821421,16.7682894883316,5,4,520.6312787500001,16.7682894883316,5,251.524342324974,0.84802,-269.1069364250261,386.07781053748704,0.4831141588896976,-51.68858411103024,-69.7027721045099,-1.0495639596486983,-51.68858411103024
PEP-0110,12,0,2,0,0,21466,0.94783,0.272428571428571,14.8494405046388,0.516431945714286,11.6535,1338.83075386106,176.826988663932,27.4584596825883,5,4,516.4319457142859,27.4584596825883,5,411.8768952388245,0.94783,-104.55505047546144,464.1544204765552,0.7975434104277775,-20.24565895722224,-22.525919362808825,-0.3263650477284511,-20.24565895722224
PEP-0017,7,0,0,3,1,24018,100.0,0.257625,6.54212665334621,0.51525,14.3856666666667,1116.38180208878,243.052769693313,37.959794732592,5,1,515.25,37.959794732592,5,569.3969209888801,100.0,54.14692098888008,542.32346049444,1.1050886385034062,10.508863850340628,9.984248319169884,0.144162091970224,10.508863850340628
PEP-0304,15,0,0,0,0,23756,0.8778,0.25728125,15.50952714,0.5145625,,,281.552165831818,39.5061129583849,5,6,514.5625,39.5061129583849,5,592.5916943757735,0.8778,78.0291943757735,553.5770971878867,1.15164182072299,15.16418207229899,14.095452064789814,0.2036920849953642,15.16418207229899
PEP-0034,7,0,1,0,0,11205,100.0,0.2568,25.2367545245552,0.5136,12.3985,810.300944981755,146.682491177693,43.6360229593018,5,1,513.5999999999999,43.6360229593018,5,654.5403443895269,100.0,140.940344389527,584.0701721947635,1.2744165583908236,27.44165583908237,24.130721118648253,0.349836916917114,27.44165583908237
PEP-0054,11,0,1,0,1,17816,0.92361,0.275,16.2797271457051,0.5079855,9.04783333333333,717.1230888202,93.4154944839756,20.565681369345,5,4,507.9855,20.565681369345,5,308.485220540175,0.92361,-199.50027945982495,408.23536027008754,0.6072717046848286,-39.27282953151714,-48.868936617307256,-0.7195859452974093,-39.27282953151714
PEP-0109,12,0,2,0,0,21587,0.95235,0.266517857142857,14.2063444768537,0.5076365625,11.6328333333333,1376.77214619387,174.987426183361,27.020494770519505,5,4,507.6365625,27.020494770519505,5,405.3074215577925,0.95235,-102.32914094220752,456.4719920288962,0.798420467512705,-20.157953248729505,-22.41739750283074,-0.324779390243507,-20.157953248729505
PEP-0169,12,0,1,1,1,29054,0.97417,0.26015625,6.41944476159028,0.506872828125,,,205.594962237898,25.9796254897074,5,5,506.872828125,25.9796254897074,5,389.69438234561096,0.97417,-117.17844577938904,448.2836052353055,0.768820818009026,-23.1179181990974,-26.139355624634483,-0.379280693177688,-23.1179181990974
PEP-0149,7,0,1,2,0,21485,0.95421,0.2643,17.7821181464242,0.504395406,12.0236666666667,891.315495120324,294.805929017195,45.7382559952207,5,4,504.395406,45.7382559952207,5,686.0738399283105,0.95421,181.67843392831048,595.2346229641553,1.360190500879206,36.019050087920604,30.522154948511968,0.4438087216424476,36.019050087920604
PEP-0341,13,0,0,1,2,27529,0.9661,0.251207143,12.92,0.502414286,9.3135,608.099931882508,196.016955280618,29.4598426861172,5,6,502.41428600000006,29.4598426861172,5,441.897640291758,0.9661,-60.516645708242095,472.155963145879,0.8795483182016005,-12.045168179839951,-12.81708808780726,-0.1851652602088027,-12.045168179839951
PEP-0090,8,0,0,1,0,12161,0.74571,0.331166666666667,14.4082967817691,0.49390859,10.5828333333333,483.178535025798,66.1532652166425,18.1326275845305,5,4,493.90859,18.1326275845305,5,271.9894137679575,0.74571,-221.9191762320425,382.9490018839788,0.550687757360036,-44.931224263996405,-57.95005996628159,-0.8606935593825792,-44.931224263996405
PEP-0062,8,0,0,0,2,12091,0.8302,0.297125,12.8554570286815,0.49334635,7.529,200.487388913847,72.1700515632692,35.6871144554563,5,4,493.34635,35.6871144554563,5,535.3067168318446,0.8302,41.960366831844624,514.3265334159223,1.0850525535089997,8.505255350899956,8.15831268769336,0.1177649199514889,8.505255350899956
PEP-0239,13,0,0,1,0,22135,1.0,0.244546875,11.6439522747338,0.48909375,10.2978333333333,569.265281661567,148.160616524226,22.3116657667685,5,5,489.09375,22.3116657667685,5,334.6749865015275,1.0,-154.41876349847252,411.8843682507637,0.6842757375278818,-31.57242624721181,-37.49080455620962,-0.5473503004735676,-31.57242624721181
PEP-0301,17,0,0,0,1,18267,0.53261,0.243265625,14.85024949,0.48653125,10.3293333333333,532.168370932195,104.580838298658,22.3577985074949,5,6,486.53125,22.3577985074949,5,335.36697761242345,0.53261,-151.16427238757657,410.9491138062117,0.6893020286208202,-31.069797137917973,-36.78418259319084,-0.536791833703262,-31.069797137917973
PEP-0137,8,0,1,0,0,12368,0.99349,0.244375,13.4848739218123,0.4855682375,10.4015,603.457468714351,133.100467365512,35.8722691261081,5,4,485.5682375,35.8722691261081,5,538.0840368916215,0.99349,52.5157993916215,511.8261371958108,1.1081532837938592,10.815328379385914,10.260476278008127,0.1481574540170445,10.815328379385914
PEP-0141,9,0,0,2,0,18060,0.77576,0.312,10.7557006351909,0.48407424,11.2896666666667,906.963683205015,214.180354659708,39.5312577814152,5,4,484.07424,39.5312577814152,5,592.968866721228,0.77576,108.894626721228,538.521553360614,1.2249543927832804,22.495439278328057,20.22103405920842,0.2927280361419276,22.495439278328057
PEP-0153,9,0,0,3,0,23334,0.75291,0.319416666666667,15.8465790342366,0.480984005,12.6591666666667,835.921336020217,219.019051836571,31.2875420468802,5,4,480.984005,31.2875420468802,5,469.313130703203,0.75291,-11.670874296796969,475.1485678516015,0.975735421187661,-2.4264578812339024,-2.4562579130917253,-0.0354380928853357,-2.4264578812339024
PEP-0136,8,0,1,0,0,12149,0.89099,0.2697,16.0781291799898,0.480600006,9.91516666666667,714.999471588858,154.407335695563,42.3648957926752,5,4,480.600006,42.3648957926752,5,635.473436890128,0.89099,154.87343089012802,558.036721445064,1.3222501642876134,32.22501642876135,27.753268725591305,0.4029951546319719,32.22501642876135
PEP-0051,8,0,1,2,0,27633,97.077,0.246375,16.710914762482,0.4783469175,10.4641666666667,1245.16136265808,235.561582542548,28.4154914465251,5,1,478.3469175,28.4154914465251,5,426.2323716978765,97.077,-52.11454580212353,452.2896445989383,0.8910528240163197,-10.894717598368036,-11.522383150809343,-0.1664171337491397,-10.894717598368036
PEP-0095,8,0,0,1,1,14726,0.85755,0.278035714285714,12.2081792553178,0.476859053571429,10.5401666666667,512.285554932092,64.9338405256203,17.9608443353582,5,4,476.859053571429,17.9608443353582,5,269.412665030373,0.85755,-207.446388541056,373.13585930090096,0.5649733668944957,-43.502663310550425,-55.59540402515132,-0.8237452350672712,-43.502663310550425
PEP-0288,16,0,0,0,0,24920,0.8379,0.237214286,8.88243279,0.474428572,11.2225,1333.44484779647,183.927107559663,24.6023418351609,5,6,474.428572,24.6023418351609,5,369.0351275274135,0.8379,-105.39344447258652,421.7318497637067,0.7778518186029771,-22.214818139702285,-24.990629598318858,-0.3624327480666777,-22.214818139702285
PEP-0348,13,0,2,0,1,25194,0.80172,0.237,13.02,0.474,10.1003333333333,738.825816106524,175.60655000119,25.9938348359445,5,6,474.0,25.9938348359445,5,389.90752253916753,0.80172,-84.09247746083247,431.95376126958377,0.8225897099982438,-17.741029000175626,-19.467934996947527,-0.2817550700067093,-17.741029000175626
PEP-0026,7,0,0,0,0,11045,82.523,0.2865,11.392699029837,0.47285679,10.638,684.857930240798,199.529761181388,60.2172208182851,5,1,472.8567900000001,60.2172208182851,5,903.2583122742764,82.523,430.4015222742764,688.0575511371383,1.9102153788978613,91.02153788978612,62.55312823221849,0.9337353128944504,91.02153788978612
PEP-0350,13,0,3,2,0,43153,0.98693,0.23521875,17.4,0.4704375,11.3421666666667,804.260859589075,236.834032124985,18.2941342143061,5,6,470.4375,18.2941342143061,5,274.4120132145915,0.98693,-196.02548678540848,372.42475660729576,0.5833123703246266,-41.66876296753734,-52.63492378196223,-0.7776594251300702,-41.66876296753734
PEP-0170,12,0,0,0,1,18602,0.97359,0.24,9.87223062433206,0.4673232,11.0566666666667,684.624488991389,125.003008689979,26.1616560327282,5,5,467.3232,26.1616560327282,5,392.424840490923,0.97359,-74.89835950907701,429.8740202454615,0.8397289937476312,-16.027100625236884,-17.423327761540335,-0.2520042937341348,-16.027100625236884
PEP-0127,8,0,0,1,0,17015,1.0,0.233625,12.5711128336366,0.46725,8.93766666666667,508.924585902439,216.463436074147,42.4063935888231,5,4,467.25,42.4063935888231,5,636.0959038323465,1.0,168.8459038323465,551.6729519161732,1.3613609498819614,36.13609498819614,30.606159545411725,0.4450496322822392,36.13609498819614
PEP-0320,16,0,0,1,1,22442,0.61493,0.231805555555556,17.06,0.463611111111112,13.9171666666667,587.180555672192,171.899463141541,28.9876162529368,5,6,463.611111111112,28.9876162529368,5,434.814243794052,0.61493,-28.79686731705999,449.212677452582,0.9378857265779414,-6.211427342205858,-6.410519729844386,-0.0925159415948996,-6.211427342205858
PEP-0329,17,0,0,2,2,36213,0.98102,0.23071875,28.35,0.4614375,14.0621666666667,639.529406355558,241.338445054396,26.0655634097351,5,6,461.4375,26.0655634097351,5,390.9834511460265,0.98102,-70.45404885397352,426.2104755730133,0.8473161612266591,-15.268383877334095,-16.530341906602008,-0.2390277084162631,-15.268383877334095
PEP-0049,8,0,0,0,1,9710,92.949,0.245,8.58599345631128,0.4554501,8.107,493.773320561854,127.073189157003,60.2099924932495,5,1,455.4501,60.2099924932495,5,903.1498873987424,92.949,447.6997873987425,679.2999936993713,1.9829831794937411,98.29831794937414,65.90604910219902,0.9876724400660624,98.29831794937414
PEP-0015,7,0,0,0,1,8691,77.463,0.2935,13.3571775762391,0.45470781,11.299,934.443190951869,128.323848933258,71.1014233894382,5,1,454.70781,71.1014233894382,5,1066.521350841573,77.463,611.813540841573,760.6145804207865,2.3455091981850344,134.55091981850344,80.43673584367868,1.2299011585401036,134.55091981850344
PEP-0154,10,0,0,4,0,29494,0.89112,0.254925,13.6838155199334,0.454337532,13.3283333333333,1011.31886945988,328.167246584257,37.0885882534591,5,4,454.337532,37.0885882534591,5,556.3288238018865,0.89112,101.99129180188652,505.33317790094327,1.2244835273742838,22.44835273742837,20.182979519678224,0.2921733658698109,22.44835273742837
PEP-0299,17,0,0,0,1,18256,0.49199,0.226638889,45.62274711,0.453277778,10.2135,495.245966725619,89.4628499269747,19.1393042652322,5,6,453.277778,19.1393042652322,5,287.089563978483,0.49199,-166.188214021517,370.1836709892415,0.6333634206494962,-36.66365793505037,-44.89344804902183,-0.6588945467057656,-36.66365793505037
PEP-0033,7,0,2,0,0,16586,93.496,0.24225,29.2683484009208,0.45298812,9.30716666666667,1290.17153701074,223.721719835943,44.9619598528765,5,1,452.98812,44.9619598528765,5,674.4293977931475,93.496,221.4412777931475,563.7087588965737,1.4888456628689235,48.88456628689236,39.2829230162408,0.5741942086184515,48.88456628689236
PEP-0253,14,0,0,0,0,17884,0.92916,0.2435,16.6704258684146,0.45250092,12.2136666666667,536.840998110279,82.4290921254578,15.363656923406,5,5,452.50092,15.363656923406,5,230.45485385109,0.92916,-222.04606614891,341.47788692554496,0.5092914592330332,-49.07085407669668,-65.02502055054721,-0.9734365713009728,-49.07085407669668
PEP-0002,7,0,0,0,0,10988,96.733,0.23295,13.0732190462501,0.450679047,9.29416666666667,506.525679848844,121.131192411121,36.7465090435388,5,1,450.679047,36.7465090435388,5,551.197635653082,96.733,100.51858865308196,500.938341326541,1.2230380784777908,22.30380784777908,20.06606010370407,0.2904693219158902,22.30380784777908
PEP-0035,7,0,0,2,0,16223,100.0,0.224625,7.98315585550553,0.44925,12.8376666666667,1052.86062402028,147.49474026871,30.3056853990652,5,1,449.25,30.3056853990652,5,454.585280985978,100.0,5.335280985977988,451.917640492989,1.0118759732576026,1.1875973257602646,1.1805870158460343,0.0170324681629162,1.1875973257602646
PEP-0023,7,0,1,2,0,21548,100.0,0.2235,23.5378227070473,0.447,12.8798333333333,1239.89831685382,236.865329701308,36.6415026454594,5,1,447.0,36.6415026454594,5,549.622539681891,100.0,102.622539681891,498.3112698409455,1.2295806256865571,22.958062568655706,20.594063568870677,0.2981663379957989,22.958062568655706
PEP-0342,13,0,0,1,2,22368,0.78958,0.223277778,13.3,0.446555556,11.1596666666667,741.867280925643,100.389342490438,19.6633647687621,5,6,446.555556,19.6633647687621,5,294.9504715314315,0.78958,-151.60508446856852,370.75301376571576,0.6605011796817315,-33.94988203182686,-40.891126663739,-0.5983669567014608,-33.94988203182686
PEP-0318,15,0,0,1,1,21441,0.66768,0.2228125,16.41,0.445625,14.0166666666667,437.672895030149,103.593965259221,18.4010027459627,5,6,445.625,18.4010027459627,5,276.01504118944047,0.66768,-169.60995881055953,360.8200205947202,0.6193885917294597,-38.06114082705403,-47.00680370534888,-0.6910832840525477,-38.06114082705403
PEP-0129,8,0,1,0,0,12368,0.85647,0.26,21.6555027375623,0.4453644,10.3026666666667,538.455089935882,107.678330922849,29.0206799598018,5,4,445.3644,29.0206799598018,5,435.310199397027,0.85647,-10.05420060297297,440.3372996985135,0.9774247770971972,-2.257522290280267,-2.2832952397756894,-0.0329424184364118,-2.257522290280267
PEP-0019,7,0,0,0,0,5867,98.269,0.2266,26.07136057801,0.445355108,10.129,404.715617537636,72.7269124957238,41.3197616588397,5,1,445.355108,41.3197616588397,5,619.7964248825955,98.269,174.44131688259552,532.5757664412977,1.3916903921142303,39.16903921142306,32.754272326024626,0.4768382920466917,39.16903921142306
PEP-0145,11,0,0,1,1,22591,0.71981,0.30875,11.0067009299905,0.444482675,10.0536666666667,569.798591452144,302.01391322483,50.5479536092973,5,4,444.482675,50.5479536092973,5,758.2193041394595,0.71981,313.7366291394595,601.3509895697298,1.7058466995130002,70.58466995130001,52.171965221831584,0.7704880008239089,70.58466995130001
PEP-0194,11,0,0,1,0,20124,0.96988,0.2265,14.9733327269536,0.43935564,11.775,611.958579984788,145.740571522008,24.1404246210178,5,5,439.35564,24.1404246210178,5,362.106369315267,0.96988,-77.249270684733,400.7310046576335,0.8241759894450587,-17.58240105549413,-19.27708856736236,-0.2789756604040103,-17.58240105549413
PEP-0346,13,0,1,1,0,27455,1.0,0.21728125,13.54,0.4345625,8.8605,806.864431427214,150.169559130634,18.2322053215121,5,6,434.5625,18.2322053215121,5,273.48307982268153,1.0,-161.07942017731847,354.02278991134074,0.6293296817435502,-37.06703182564498,-45.49973187253233,-0.6681121070157164,-37.06703182564498
PEP-0113,12,0,1,0,0,21273,1.0,0.215833333333333,13.7168241546181,0.431666666666667,11.2781666666667,968.115654281296,176.499228971748,27.6562197733823,5,4,431.66666666666697,27.6562197733823,5,414.8432966007345,1.0,-16.823370065932465,423.2549816337007,0.9610269419322028,-3.897305806779719,-3.9747600845704834,-0.0573512180536445,-3.897305806779719
PEP-0134,9,0,1,1,0,18350,0.85975,0.250821428571429,16.037541833417,0.431287446428571,10.5758333333333,793.915864600935,187.464815623302,34.0535541550048,5,4,431.287446428571,34.0535541550048,5,510.803312325072,0.85975,79.51586589650094,471.0453793768215,1.18436860742171,18.43686074217099,16.880723042373962,0.2441181564207115,18.43686074217099
PEP-0048,8,0,1,1,0,22463,100.0,0.2154375,20.6272876013635,0.430875,10.9191666666667,1210.72551386055,218.804559913202,32.4688836328187,5,1,430.875,32.4688836328187,5,487.03325449228055,100.0,56.15825449228055,458.9541272461403,1.13033537451066,13.033537451065982,12.23613672007845,0.1767508888858453,13.033537451065982
PEP-0103,11,0,0,0,0,9615,1.0,0.2139375,14.2412863081153,0.427875,11.1563333333333,571.166412609798,118.129640401632,40.9532468024379,5,4,427.875,40.9532468024379,5,614.2987020365686,1.0,186.42370203656856,521.0868510182843,1.4356966451336688,43.56966451336689,35.77593671232883,0.5217509477721024,43.56966451336689
PEP-0151,10,0,0,1,0,13878,0.79031,0.26878125,16.350959484861,0.424841019375,11.6751666666667,527.491650251664,137.683770255302,33.0700317661772,5,4,424.841019375,33.0700317661772,5,496.0504764926581,0.79031,71.20945711765802,460.445747933829,1.1676143636563554,16.76143636563555,15.465330592626426,0.2235638636817769,16.76143636563555
PEP-0094,11,0,0,0,0,9776,0.93439,0.2255625,14.0032051416549,0.42152668875,10.632,291.900722506712,30.5598370424377,10.4200208137063,5,4,421.52668875,10.4200208137063,5,156.3003122055945,0.93439,-265.2263765444055,288.91350047779724,0.370795767805567,-62.92042321944332,-91.8013094250637,-1.431303317484775,-62.92042321944332
PEP-0300,15,0,3,0,2,35003,0.83563,0.2086875,18.37032008,0.417375,9.61333333333333,996.927917559315,261.743041233101,29.4228848383077,5,6,417.375,29.4228848383077,5,441.3432725746154,0.83563,23.96827257461547,429.3591362873077,1.0574262295887762,5.74262295887762,5.582336684825307,0.0805570185047657,5.74262295887762
PEP-0021,7,0,1,0,0,16448,93.498,0.22175,33.1452039657937,0.41466363,8.75916666666667,518.101590665037,203.813557893969,41.3046283021176,5,1,414.66363,41.3046283021176,5,619.569424531764,93.498,204.90579453176397,517.116527265882,1.4941494254795482,49.414942547954816,39.62468490712327,0.5793244350203477,49.414942547954816
PEP-0063,11,0,0,0,1,12833,0.81869,0.252333333333333,13.0060873949213,0.413165553333333,9.84633333333333,481.986892004797,59.001880476455,19.3613836307853,5,4,413.165553333333,19.3613836307853,5,290.4207544617795,0.81869,-122.74479887155348,351.79315389755624,0.7029161848530832,-29.70838151469168,-34.89118463837342,-0.5085754211026446,-29.70838151469168
PEP-0111,12,0,0,0,0,10726,0.6931,0.297428571428571,12.6842081421795,0.412295485714286,11.5711666666667,633.133174001074,97.3010865491233,30.2383885105113,5,4,412.295485714286,30.2383885105113,5,453.5758276576695,0.6931,41.28034194338352,432.9356566859777,1.1001231965270415,10.012319652704155,9.534983156475256,0.1376650919921895,10.012319652704155
PEP-0325,15,0,0,2,0,29365,0.77424,0.205358333333333,13.15,0.410716666666666,12.6835,560.999537671098,186.302089743695,21.1478619381003,5,6,410.716666666666,21.1478619381003,5,317.2179290715045,0.77424,-93.49873759516151,363.96729786908526,0.7723522194655805,-22.764778053441947,-25.688774277955023,-0.3726691782324471,-22.764778053441947
PEP-0045,8,0,0,0,1,9621,98.199,0.208392857142857,14.6874921861289,0.409279403571429,9.60883333333333,797.02749494043,100.541436842541,48.2490818900762,5,1,409.279403571429,48.2490818900762,5,723.7362283511429,98.199,314.45682477971394,566.5078159612859,1.768318224752382,76.83182247523817,55.50794109453263,0.822377924027971,76.83182247523817
PEP-0058,7,0,0,0,1,8576,0.61178,0.330214285714286,11.1312336068559,0.404036991428571,7.92066666666667,251.931845378307,44.6866107191563,25.2423943507633,5,4,404.036991428571,25.2423943507633,5,378.6359152614495,0.61178,-25.40107616712152,391.3364533450102,0.9371318054881316,-6.286819451186843,-6.490853573696445,-0.0936761209078987,-6.286819451186843
PEP-0006,7,0,0,0,1,8536,100.0,0.20175,20.7046844842295,0.4035,10.4061666666667,709.671137653994,109.689085455,62.3836008957517,5,1,403.5,62.3836008957517,5,935.7540134362756,100.0,532.2540134362755,669.6270067181377,2.319092970102293,131.90929701022935,79.48514741734634,1.2135606573349194,131.90929701022935
PEP-0302,17,0,0,0,0,15639,0.79778,0.2006,11.33399038,0.4012,9.991,570.525199741046,107.570982092831,22.9279327520582,5,6,401.2,22.9279327520582,5,343.918991280873,0.79778,-57.28100871912699,372.55949564043647,0.8572258007997832,-14.277419920021682,-15.374996313182114,-0.2222528219544138,-14.277419920021682
PEP-0075,9,0,0,0,1,10484,0.74199,0.269333333333333,12.6053210524916,0.39968528,9.71983333333334,428.332042483946,61.1687500481421,26.1103641303377,5,4,399.68528,26.1103641303377,5,391.6554619550655,0.74199,-8.029818044934473,395.6703709775328,0.9799096477985516,-2.009035220144828,-2.0294211126034574,-0.029279362682216,-2.009035220144828
PEP-0156,8,0,1,1,0,17315,0.92508,0.2154,14.4706113381592,0.398524464,12.5848333333333,669.522370799395,187.385709362919,36.07386839213,5,4,398.524464,36.07386839213,5,541.1080258819501,0.92508,142.58356188195006,469.816244940975,1.3577786930589788,35.77786930589788,30.34879347347034,0.441248351125493,35.77786930589788
PEP-0130,12,0,0,3,1,34061,0.53242,0.3725625,12.6602135929205,0.3967194525,9.883,1057.4366686563,532.777904832386,56.58339225901,5,4,396.7194525,56.58339225901,5,848.75088388515,0.53242,452.03143138515,622.735168192575,2.1394234100107554,113.94234100107556,72.588068648367,1.097222032326448,113.94234100107556
PEP-0018,7,0,0,2,0,16218,100.0,0.19675,17.4613116245002,0.3935,13.5118333333333,791.923913342019,114.050450848867,23.4411252618216,5,1,393.5,23.4411252618216,5,351.616878927324,100.0,-41.883121072675976,372.558439463662,0.893562589395995,-10.643741060400504,-11.242027192558364,-0.1623593088229365,-10.643741060400504
PEP-0246,13,0,0,0,0,16826,0.97552,0.201666666666667,14.4569055244099,0.393459733333333,11.1585,478.501288949163,87.8784820733708,17.4092638522467,5,5,393.459733333333,17.4092638522467,5,261.1389577837005,0.97552,-132.32077554963251,327.29934555851673,0.6636993208208871,-33.63006791791128,-40.428059922892615,-0.591398296999614,-33.63006791791128
PEP-0131,9,0,0,0,0,7993,0.76187,0.2565,20.3321526078934,0.39083931,10.6715,500.360569713839,95.6851528510742,39.9037294512174,5,4,390.83931,39.9037294512174,5,598.555941768261,0.76187,207.71663176826104,494.6976258841305,1.5314629988684123,53.14629988684123,41.9886049376176,0.6149105109173424,53.14629988684123
PEP-0005,7,0,0,0,1,8551,98.369,0.19725,14.814265961048,0.388065705,10.0408333333333,484.906604839625,80.0630599584401,45.4181188781712,5,1,388.065705,45.4181188781712,5,681.271783172568,98.369,293.206078172568,534.668744086284,1.7555578202216249,75.55578202216246,54.83882897879867,0.8119295129223395,75.55578202216246
PEP-0067,10,0,0,0,1,16471,0.75658,0.255928571428571,13.4266223162449,0.387260877142857,8.44666666666667,293.776217424026,89.5967125609895,21.6479927904198,5,4,387.260877142857,21.6479927904198,5,324.719891856297,0.75658,-62.54098528655999,355.990384499577,0.8385042513254206,-16.149574867457936,-17.56816700947559,-0.2541099964280293,-16.149574867457936
PEP-0313,17,0,0,1,1,23529,0.75156,0.19,15.51516102,0.38,12.0743333333333,728.819757618227,152.200033696834,24.3278721423282,5,6,380.0,24.3278721423282,5,364.918082134923,0.75156,-15.081917865077004,372.4590410674615,0.9603107424603236,-3.968925753967632,-4.049282257144967,-0.0584267785681944,-3.968925753967632
PEP-0096,8,0,0,0,0,6912,0.91273,0.203142857142857,11.0829794848179,0.37082916,12.143,436.912806955325,52.8716891563017,25.4975352798523,5,4,370.82916,25.4975352798523,5,382.4630291977845,0.91273,11.63386919778452,376.64609459889226,1.0313725846095396,3.1372584609539658,3.088806538714801,0.0445656022170238,3.1372584609539658
PEP-0028,7,0,0,0,0,10951,74.788,0.247714285714286,29.826231936683,0.37052112,7.30783333333333,361.548829319385,163.063704213288,49.6343421341392,5,1,370.52112,49.6343421341392,5,744.5151320120881,74.788,373.9940120120881,557.518126006044,2.0093729933993725,100.93729933993724,67.08194667881232,1.006745391736774,100.93729933993724
PEP-0119,11,0,0,2,1,22627,0.83061,0.22034375,12.542664012014,0.366039444375,12.914,1001.95919167698,188.573115083913,31.5044632257272,5,4,366.039444375,31.5044632257272,5,472.566948385908,0.83061,106.527504010908,419.303196380454,1.2910273896650677,29.102738966506767,25.40584115038571,0.368519608325041,29.102738966506767
PEP-0336,12,0,0,0,1,18544,0.99015,0.182958333333333,11.32,0.365916666666666,7.0735,498.000393840982,162.641966505602,34.1634563206255,5,6,365.916666666666,34.1634563206255,5,512.4518448093825,0.99015,146.53517814271646,439.18425573802426,1.400460518722979,40.0460518722979,33.365307664882565,0.4859013120483004,40.0460518722979
PEP-0037,7,0,1,0,0,11411,95.877,0.19035,12.5107034202117,0.365003739,10.3721666666667,804.45092321522,97.2248406743602,28.4009115982707,5,1,365.003739,28.4009115982707,5,426.0136739740605,95.877,61.00993497406051,395.5087064870303,1.1671487945334733,16.71487945334733,15.425686962990076,0.2229884954511111,16.71487945334733
PEP-0144,10,0,1,0,0,14141,0.97752,0.186107142857143,25.3068349754682,0.363846908571429,11.13,493.183041243698,122.298320098678,28.828305423633,5,4,363.84690857142897,28.828305423633,5,432.424581354495,0.97752,68.57767278306602,398.135744962962,1.1884794708090891,18.847947080908927,17.224696262689424,0.2491169831139897,18.847947080908927
PEP-0003,7,0,0,0,1,8651,86.753,0.207214285714286,19.6093517958338,0.359529218571429,,,107.2031417947,59.7964869448349,5,1,359.529218571429,59.7964869448349,5,896.9473041725236,86.753,537.4180856010946,628.2382613719763,2.494782782151887,149.47827821518874,85.54367325980047,1.3189142072440398,149.47827821518874
PEP-0126,10,0,0,2,0,19285,0.67735,0.26525,10.7975281554463,0.359334175,10.1933333333333,742.205174157823,177.491404844855,30.6786630100865,5,4,359.334175,30.6786630100865,5,460.1799451512975,0.67735,100.84577015129751,409.7570600756487,1.2806461983508737,28.064619835087363,24.611112285089007,0.3568719601560441,28.064619835087363
PEP-0237,13,0,0,1,0,27136,1.0,0.17959375,11.6821473258986,0.3591875,,,102.992489225988,12.6513965735539,5,5,359.1875,12.6513965735539,5,189.77094860330848,1.0,-169.41655139669152,274.47922430165426,0.5283339442583845,-47.16660557416154,-61.72290519536799,-0.9204779921330688,-47.16660557416154
PEP-0284,12,0,0,1,0,15871,0.8567,0.2079,19.9270087687782,0.35621586,12.7351666666667,361.809975999832,73.5812880357553,15.4540331497186,5,5,356.21586,15.4540331497186,5,231.81049724577895,0.8567,-124.40536275422104,294.0131786228895,0.6507584958338996,-34.92415041661004,-42.312852552023614,-0.6198058533483688,-34.92415041661004
PEP-0310,15,0,1,1,1,31895,0.92325,0.176475,22.40790934,0.35295,11.2928333333333,1132.31830181072,375.959982049128,42.8884305326406,5,6,352.95,42.8884305326406,5,643.326457989609,0.92325,290.37645798960904,498.1382289948045,1.82271272981898,82.27127298189802,58.29234559563137,0.8660872021213273,82.27127298189802
PEP-0029,7,0,1,0,0,11229,96.684,0.1812,29.723039192068,0.350382816,10.0253333333333,888.84961169085,131.151543736152,38.9323904580854,5,1,350.382816,38.9323904580854,5,583.985856871281,96.684,233.60304087128105,467.1843364356405,1.666708041045258,66.67080410452579,50.00232727268721,0.7370014080881625,66.67080410452579
PEP-0073,7,0,1,0,0,11297,0.68078,0.2573,10.0905380401644,0.350329388,9.31733333333333,362.959112574698,47.8015712197084,14.104503030217,5,4,350.329388,14.104503030217,5,211.567545453255,0.68078,-138.761842546745,280.9484667266275,0.6039103560825305,-39.60896439174695,-49.39049647199713,-0.7275936818162018,-39.60896439174695
PEP-0020,7,0,0,2,1,23919,84.831,0.201875,14.1106386384406,0.3425051625,11.2151666666667,942.502054972055,295.34928159765,46.3423839825597,5,1,342.50516250000004,46.3423839825597,5,695.1357597383956,84.831,352.6305972383955,518.8204611191978,2.0295628675039183,102.9562867503918,67.96775063144231,1.0211690294819655,102.9562867503918
PEP-0279,12,0,1,1,0,26252,0.99176,0.1725,11.994012368812,0.3421572,12.1678333333333,421.243649300548,166.139294010005,21.0954459355484,5,5,342.1572,21.0954459355484,5,316.431689033226,0.99176,-25.72551096677398,329.294444516613,0.9248137669855436,-7.518623301445646,-7.812312474490022,-0.1127652206063624,-7.518623301445646
PEP-0306,17,0,1,1,1,33768,1.0,0.169704545,27.63909446,0.33940909,9.67966666666667,990.646111750045,269.44982810627,28.8864404749482,5,6,339.40909000000005,28.8864404749482,5,433.296607124223,1.0,93.88751712422294,386.3528485621115,1.276620514566133,27.66205145661329,24.300977066338167,0.3523297363819955,27.66205145661329
PEP-0044,8,0,0,1,1,14618,100.0,0.16775,12.213658037925,0.3355,11.2905,774.273843243341,115.076412354334,32.1182316989963,5,1,335.5,32.1182316989963,5,481.77347548494447,100.0,146.27347548494447,408.6367377424722,1.4359865141130983,43.598651411309824,35.79547847142607,0.5220422003353973,43.598651411309824
PEP-0046,8,0,1,0,0,12359,93.593,0.1765,11.3597380485911,0.33038329,9.95483333333333,792.668715654944,86.3337099254932,23.2849771894957,5,1,330.38329,23.2849771894957,5,349.2746578424355,93.593,18.8913678424355,339.82897392121777,1.0571801553354454,5.718015533544539,5.559080976660651,0.0802212490593462,5.718015533544539
PEP-0172,11,0,0,0,0,15023,0.97602,0.166714285714286,10.7144810818985,0.325432954285714,9.81533333333334,494.221441213653,74.8912972381149,16.6170310497493,5,5,325.432954285714,16.6170310497493,5,249.2554657462395,0.97602,-76.1774885394745,287.3442100159767,0.7659195618136618,-23.408043818633814,-26.51088342279071,-0.3847352090897186,-23.408043818633814
PEP-0191,11,0,2,1,1,28271,0.86589,0.18703125,10.8893462837081,0.323896978125,12.1873333333333,824.516066258676,129.888859550847,16.9152549292659,5,5,323.89697812500003,16.9152549292659,5,253.72882393898848,0.86589,-70.16815418601155,288.8129010319943,0.783362739003598,-21.663726099640204,-24.295366978166403,-0.352247587396734,-21.663726099640204
PEP-0296,15,0,0,0,4,24248,0.64599,0.161015625,11.04300507,0.32203125,12.2801666666667,834.953970153825,166.403543096676,40.9417240174875,5,6,322.03125,40.9417240174875,5,614.1258602623125,0.64599,292.0946102623125,468.0785551311562,1.9070380910620088,90.70380910620086,62.40290375628664,0.93133366024083,90.70380910620086
PEP-0052,8,0,0,1,2,17309,98.616,0.163178571428571,7.80837444280015,0.32184036,11.4996666666667,950.773247589749,153.456156418019,42.7728506893047,5,1,321.84036,42.7728506893047,5,641.5927603395704,98.616,319.75240033957044,481.7165601697852,1.9935124368477917,99.35124368477916,66.37770564227041,0.9953126058482428,99.35124368477916
PEP-0327,17,0,2,2,0,41860,0.84276,0.160575,14.69,0.32115,14.0255,601.026061618718,287.512707850139,22.8947848264166,5,6,321.15,22.8947848264166,5,343.421772396249,0.84276,22.271772396249048,332.2858861981245,1.0693500619531342,6.93500619531342,6.702593556131231,0.0967342103747177,6.93500619531342
PEP-0260,14,0,0,1,0,28075,1.0,0.159125,7.62570530715808,0.31825,8.57816666666667,682.081002064873,152.281854268134,18.0803626320136,5,5,318.25,18.0803626320136,5,271.205439480204,1.0,-47.04456051979599,294.727719740102,0.8521773432213794,-14.782265677862055,-15.962041358471822,-0.2307743996921356,-14.782265677862055
PEP-0036,7,0,0,1,3,18953,98.13,0.1609,8.39145539145812,0.31578234,12.4323333333333,481.461045855928,160.247970185359,48.8799323405805,5,1,315.78234,48.8799323405805,5,733.1989851087076,98.13,417.4166451087076,524.4906625543538,2.321849236751832,132.18492367518323,79.58514324655876,1.2152742975902575,132.18492367518323
PEP-0338,12,0,1,0,1,23965,0.93939,0.15555,14.76,0.3111,10.0568333333333,781.379479082287,110.509391339176,17.3022375668038,5,6,311.1,17.3022375668038,5,259.533563502057,0.93939,-51.56643649794296,285.3167817510285,0.8342448200001833,-16.575517999981667,-18.07339763944925,-0.2614572714459031,-16.575517999981667
PEP-0236,14,0,0,0,1,25597,0.84647,0.18365625,11.2856152260755,0.310919011875,,,128.740255035009,18.7214982745847,5,5,310.919011875,18.7214982745847,5,280.8224741187705,0.84647,-30.09653775622945,295.87074299688527,0.903201359174751,-9.6798640825249,-10.172191224918205,-0.1468804377476647,-9.6798640825249
PEP-0147,10,0,0,0,1,11604,0.81285,0.1907,16.1608411203018,0.31002099,11.1648333333333,404.951105052439,79.057799411501,29.5134951325274,5,4,310.02099,29.5134951325274,5,442.702426987911,0.81285,132.681436987911,376.36170849395546,1.4279756573511715,42.79756573511717,35.25370248712269,0.5139713860070118,42.79756573511717
PEP-0004,7,0,0,0,0,11066,95.203,0.16275,11.7705631673529,0.309885765,9.08383333333333,267.195482584999,77.8363280296107,23.4460895323847,5,1,309.885765,23.4460895323847,5,351.6913429857705,95.203,41.805577985770526,330.7885539928852,1.1349064161942726,13.490641619427253,12.63815736099191,0.1825733385216311,13.490641619427253
PEP-0116,11,0,0,0,0,9626,0.80705,0.1919,10.1279491748506,0.30974579,,,93.9125424046651,32.5204454618274,5,4,309.74579,32.5204454618274,5,487.806681927411,0.80705,178.06089192741098,398.7762359637055,1.5748613788339496,57.48613788339496,44.65183124493335,0.655224846472771,57.48613788339496
PEP-0252,12,0,0,0,1,13210,0.98625,0.1565,12.6672380840888,0.30869625,12.3265,411.056765524952,63.7000046942121,20.1550402449651,5,5,308.69625,20.1550402449651,5,302.3256036744765,0.98625,-6.370646325523524,305.51092683723823,0.9793627349683596,-2.06372650316404,-2.085243363134276,-0.0300847927544718,-2.06372650316404
PEP-0312,17,0,0,1,1,23607,0.83711,0.1542,15.24278412,0.3084,11.8313333333333,623.740333404623,159.570234423561,25.4108915255051,5,6,308.40000000000003,25.4108915255051,5,381.1633728825765,0.83711,72.76337288257645,344.78168644128823,1.2359383037697032,23.593830376970317,21.1041872999734,0.3056067278158721,23.593830376970317
PEP-0132,9,0,2,1,0,23598,0.88674,0.173892857142857,11.6542261324989,0.308395504285714,10.5643333333333,939.023911237318,227.879593503836,32.1891111540294,5,4,308.395504285714,32.1891111540294,5,482.836667310441,0.88674,174.44116302472702,395.6160857980775,1.5656410699914596,56.56410699914596,44.09354656872112,0.6467535064375085,56.56410699914596
PEP-0171,12,0,1,0,1,23956,0.96537,0.1593,8.17939334426811,0.307566882,10.0891666666667,747.840419724676,113.199696163487,17.7309487592198,5,5,307.566882,17.7309487592198,5,265.964231388297,0.96537,-41.60265061170298,286.7655566941485,0.8647362474751005,-13.526375252489958,-14.507547939613453,-0.2096679303276,-13.526375252489958
PEP-0297,17,0,0,0,1,18269,0.62135,0.1525,18.70673066,0.305,,,123.590287960178,26.4183420888757,5,6,305.0,26.4183420888757,5,396.2751313331355,0.62135,91.2751313331355,350.6375656665677,1.2992627256824114,29.92627256824115,26.03119011496101,0.3776931896111618,29.92627256824115
PEP-0164,12,0,0,1,0,26412,1.0,0.152071428571429,3.39139686610392,0.304142857142857,8.73566666666667,164.997786343795,153.857488519774,19.4176243777795,5,5,304.142857142857,19.4176243777795,5,291.2643656666925,1.0,-12.87849147616447,297.70361140477473,0.9576564394865424,-4.234356051345765,-4.325943986838017,-0.0624199148616832,-4.234356051345765
PEP-0148,11,0,0,0,0,9717,0.9166,0.163111111111111,14.9426438802972,0.299015288888889,11.511,285.086768369022,61.7042545670847,21.1671141871925,5,4,299.015288888889,21.1671141871925,5,317.5067128078875,0.9166,18.491423918998464,308.2610008483882,1.061841065009454,6.184106500945403,5.998625797005404,0.0865678415826539,6.184106500945403
PEP-0031,7,0,0,0,0,5963,96.689,0.153625,12.496652019364,0.2970769525,11.3893333333333,283.360049229961,39.1678854261991,21.8949552385259,5,1,297.0769525,21.8949552385259,5,328.4243285778885,96.689,31.347376077888494,312.75064053894425,1.1055193808004629,10.55193808004628,10.023121303243204,0.1447243171845567,10.55193808004628
PEP-0345,13,0,1,1,2,27709,0.95634,0.14790625,7.79,0.2958125,9.35466666666667,726.979773868313,122.263555027108,18.2273439520414,5,6,295.8125,18.2273439520414,5,273.41015928062103,0.95634,-22.40234071937897,284.6113296403105,0.9242684446418628,-7.573155535813724,-7.871204827893138,-0.1136161658577696,-7.573155535813724
PEP-0107,9,0,1,0,0,13263,0.94199,0.1566,8.2564605132222,0.295031268,11.7038333333333,767.626187016003,93.8296868967445,23.5818158025446,5,4,295.031268,23.5818158025446,5,353.727237038169,0.94199,58.69596903816898,324.3792525190845,1.19894829939913,19.89482993991301,18.09485920642094,0.261769448736586,19.89482993991301
PEP-0204,12,0,0,1,0,20940,0.86465,0.168214285714286,11.537104977828,0.290892964285714,9.611,300.655411871273,122.680236408458,19.5288501127758,5,5,290.892964285714,19.5288501127758,5,292.932751691637,0.86465,2.0397874059230503,291.91285798867546,1.0070121579287137,0.7012157928713528,0.6987658645725644,0.0100811014952222,0.7012157928713528
PEP-0247,14,0,1,0,0,28160,0.98915,0.14595,16.8740858343674,0.288732885,,,163.687783738307,19.3759213705383,5,5,288.732885,19.3759213705383,5,290.6388205580745,0.98915,1.905935558074475,289.68585277903725,1.0066010338866471,0.6601033886647428,0.6579318733691353,0.0094919847499291,0.6601033886647428
PEP-0099,10,0,0,0,0,8756,0.94375,0.15253125,22.3493921450316,0.287902734375,10.3251666666667,417.483126902674,48.2744846518908,18.3776780310228,5,4,287.902734375,18.3776780310228,5,275.665170465342,0.94375,-12.237563909658036,281.783952420171,0.9574941032212694,-4.250589677873057,-4.342888870907196,-0.0626644927371075,-4.250589677873057
PEP-0214,11,0,1,1,0,25363,0.98417,0.144333333333333,9.92450393818254,0.284097073333333,10.7083333333333,366.041665014652,144.996998386719,19.0562365633297,5,5,284.097073333333,19.0562365633297,5,285.8435484499455,0.98417,1.746475116612487,284.97031089163926,1.0061474590220905,0.6147459022090439,0.6128621297944925,0.0088417592288066,0.6147459022090439
PEP-0125,12,0,1,1,0,21081,0.77965,0.180375,16.7886888695891,0.2812587375,9.22483333333333,911.768210016905,172.506861138696,27.2768308174337,5,4,281.2587375,27.2768308174337,5,409.1524622615056,0.77965,127.89372476150557,345.20559988075274,1.4547191169892295,45.47191169892297,37.04856607357614,0.5407406186691149,45.47191169892297
PEP-0211,12,0,1,3,0,36657,0.93788,0.14975,9.9160216393439,0.28089506,9.38683333333333,510.476589027134,224.892893273907,20.4501998957823,5,5,280.89506,20.4501998957823,5,306.7529984367345,0.93788,25.857938436734518,293.8240292183673,1.0920555115377768,9.205551153777682,8.800484598050737,0.1270461934232878,9.205551153777682
PEP-0243,12,0,0,0,0,15851,0.93864,0.1494375,13.7518038819435,0.28053603,11.6286666666667,427.224847366733,49.6749897100599,10.4462367695119,5,5,280.53603,10.4462367695119,5,156.6935515426785,0.93864,-123.84247845732148,218.61479077133924,0.5585505417706186,-44.14494582293814,-56.64871897293303,-0.840240262589292,-44.14494582293814
PEP-0305,17,0,1,0,2,26331,0.56774,0.13959375,44.35285504,0.2791875,10.2493333333333,533.289803219023,78.285672046637,12.4375501718439,5,6,279.1875,12.4375501718439,5,186.5632525776585,0.56774,-92.62424742234148,232.87537628882927,0.6682364095013513,-33.17635904986487,-39.7741697290752,-0.5815695034506347,-33.17635904986487
PEP-0203,12,0,2,0,1,24146,0.92964,0.149142857142857,12.2472464489231,0.277298331428571,10.047,693.592542554499,106.653263831773,16.5577234148034,5,5,277.29833142857103,16.5577234148034,5,248.36585122205105,0.92964,-28.93248020652001,262.832091325311,0.8956629848529302,-10.433701514706986,-11.007970929512512,-0.1589721098635679,-10.433701514706986
PEP-0307,15,0,1,0,3,31980,0.7867,0.137305556,22.03299424,0.274611112,10.1951666666667,320.514387973463,190.770818373974,26.5457202218012,5,6,274.611112,26.5457202218012,5,398.185803327018,0.7867,123.574691327018,336.398457663509,1.449998874506644,44.99988745066442,36.73461887587686,0.5360517804165454,44.99988745066442
PEP-0251,14,0,0,2,1,25824,0.98895,0.1383,13.5390329981036,0.27354357,11.665,592.849832584272,110.404044859577,15.8975974281937,5,5,273.54357,15.8975974281937,5,238.4639614229055,0.98895,-35.07960857709449,256.0037657114528,0.8717586065828764,-12.824139341712362,-13.702770535271524,-0.1979993925666079,-12.824139341712362
PEP-0322,17,0,1,4,1,49248,0.83319,0.136708333333333,12.02,0.273416666666666,12.4473333333333,663.417828473773,238.05201142162,17.0379126261725,5,6,273.41666666666595,17.0379126261725,5,255.5686893925875,0.83319,-17.84797727407846,264.49267802962675,0.9347224238680456,-6.527757613195431,-6.748004295256614,-0.0973900904895705,-6.527757613195431
PEP-0198,12,0,0,0,1,13530,1.0,0.13485,10.6866394878536,0.2697,9.48316666666667,438.309370661778,64.1867844674489,19.7103591179023,5,5,269.7,19.7103591179023,5,295.6553867685345,1.0,25.955386768534535,282.6776933842673,1.0962379932092494,9.623799320924933,9.18197203953098,0.1325610413178215,9.623799320924933
PEP-0197,11,0,0,0,3,17744,0.96276,0.13995,9.99431767046423,0.269476524,11.4311666666667,397.665635885241,92.2331633869908,31.6332830493503,5,5,269.476524,31.6332830493503,5,474.4992457402545,0.96276,205.0227217402545,371.9878848701272,1.7608184887387612,76.08184887387611,55.11542985111852,0.8162461988380671,76.08184887387611
PEP-0303,15,0,3,0,3,37542,0.82318,0.134714286,17.60756524,0.269428572,10.024,765.939806586034,190.681926891149,21.5335712630179,5,6,269.428572,21.5335712630179,5,323.0035689452685,0.82318,53.57499694526854,296.2160704726342,1.1988467538820216,19.88467538820216,18.086458597531777,0.2616472537943251,19.88467538820216
PEP-0186,12,0,0,0,1,13513,0.78271,0.171166666666667,14.8910766456521,0.267947723333333,11.8585,440.133168802246,68.9141003980476,21.1952083404218,5,5,267.947723333333,21.1952083404218,5,317.928125106327,0.78271,49.980401772994014,292.93792421983,1.1865304214987389,18.653042149873865,17.061772355390598,0.2467490903192412,18.653042149873865
PEP-0057,8,0,1,0,0,12115,0.70096,0.190607142857143,19.4847561858204,0.267215965714286,8.44916666666666,245.728884817209,40.7753934722787,11.2189829336301,5,4,267.215965714286,11.2189829336301,5,168.2847440044515,0.70096,-98.93122170983452,217.7503548593688,0.6297705436672364,-37.02294563327636,-45.43332284061165,-0.6671018151832241,-37.02294563327636
PEP-0053,10,0,0,0,2,19285,0.79658,0.16695,7.25485327517928,0.265978062,8.417,221.280004006713,62.5449131052592,14.9611082658197,5,4,265.978062,14.9611082658197,5,224.4166239872955,0.79658,-41.561438012704514,245.19734299364777,0.8437411051866958,-15.625889481330422,-16.950199176416536,-0.2451277068091943,-15.625889481330422
PEP-0118,11,0,1,1,0,25356,0.72669,0.1815,13.596653090086,0.26378847,,,330.285617765214,43.4197846354859,5,4,263.78847,43.4197846354859,5,651.2967695322884,0.72669,387.5082995322884,457.5426197661442,2.4690115134004467,146.90115134004466,84.69337779513278,1.3039335640169445,146.90115134004466
PEP-0181,12,0,1,0,1,23799,0.98821,0.13340625,14.7291306290157,0.263666780625,10.8346666666667,597.6154011856,98.2916031795903,15.5102573975242,5,5,263.666780625,15.5102573975242,5,232.653860962863,0.98821,-31.012919662136994,248.1603207939315,0.8823783580600352,-11.762164193996478,-12.497130710872042,-0.180530688253575,-11.762164193996478
PEP-0298,17,0,1,0,3,28768,0.56781,0.131453125,51.60120266,0.26290625,9.33733333333333,872.741519439536,123.926996244089,19.9146694055968,5,6,262.90625,19.9146694055968,5,298.720041083952,0.56781,35.813791083952026,280.81314554197604,1.136222669046293,13.622266904629322,12.75360204908875,0.1842455919282023,13.622266904629322
PEP-0202,12,0,0,0,1,18500,0.96461,0.13584375,8.65156607631351,0.262072479375,10.0781666666667,345.605300791517,82.6854754425585,17.4166351643093,5,5,262.072479375,17.4166351643093,5,261.2495274646395,0.96461,-0.822951910360473,261.66100341981974,0.99685983086693,-0.31401691330699,-0.3145107217371993,-0.0045374343258138,-0.31401691330699
PEP-0155,12,0,2,2,1,34350,0.72217,0.180642857142857,15.4688330071548,0.260909704285714,13.471,946.847235381881,222.138987362094,23.3768994856189,5,4,260.909704285714,23.3768994856189,5,350.6534922842835,0.72217,89.74378799856953,305.7815982849987,1.3439649293392857,34.39649293392857,29.348982575114054,0.4264954915925361,34.39649293392857
PEP-0193,11,0,0,1,0,14909,0.97787,0.1329,9.91402202678742,0.259917846,12.3368333333333,471.142496347809,63.3048133615594,14.1536014849105,5,5,259.917846,14.1536014849105,5,212.3040222736575,0.97787,-47.6138237263425,236.11093413682875,0.8168120255723321,-18.318797442766783,-20.16586986977477,-0.291923988336371,-18.318797442766783
PEP-0267,13,0,0,0,0,21970,0.71916,0.180321428571429,18.341345494778,0.259359917142857,,,93.9067051162128,14.2477173594618,5,5,259.359917142857,14.2477173594618,5,213.715760391927,0.71916,-45.64415675093,236.537838767392,0.8240122943677958,-17.598770563220423,-19.2967674807479,-0.2792622321255557,-17.598770563220423
PEP-0201,12,0,0,0,0,16102,0.91671,0.141053571428571,13.8419310725094,0.258610438928571,8.71166666666667,525.446006007495,75.640210205529,15.6585538453875,5,5,258.610438928571,15.6585538453875,5,234.8783076808125,0.91671,-23.732131247758502,246.74437330469172,0.9082321218506056,-9.17678781493944,-9.618104327936562,-0.1388670327837108,-9.17678781493944
PEP-0158,12,0,0,2,0,26261,0.6635,0.19384375,14.9571572542055,0.25723065625,12.3075,414.012430221785,171.770274117036,21.8029618213366,5,4,257.23065625000004,21.8029618213366,5,327.0444273200489,0.6635,69.81377107004892,292.1375417850245,1.2714053297061043,27.140532970610455,23.89756915303369,0.3464240413057532,27.140532970610455
PEP-0217,11,0,0,1,1,17530,0.95269,0.134833333333333,11.9617239428597,0.256908736666667,11.3345,390.425440409,77.9041736559011,17.4810218009427,5,5,256.90873666666704,17.4810218009427,5,262.2153270141405,0.95269,5.3065903474734455,259.56203184040373,1.0206555464649636,2.065554646496363,2.04444013242133,0.0294960638142132,2.065554646496363
PEP-0175,12,0,1,1,0,31579,0.80901,0.158666666666667,7.13005332601515,0.25672584,,,198.049599838821,20.9052006965411,5,5,256.72584,20.9052006965411,5,313.5780104481165,0.80901,56.85217044811651,285.15192522405823,1.2214509082845597,22.14509082845596,19.93750187849684,0.2885958809627968,22.14509082845596
PEP-0161,11,0,1,2,0,25445,0.98009,0.130642857142857,12.8073335832729,0.256083515714286,14.3058333333333,708.785815937084,159.987722236081,20.9586326372019,5,4,256.083515714286,20.9586326372019,5,314.3794895580285,0.98009,58.2959738437425,285.2315026361573,1.2276443826582877,22.764438265828748,20.43812598011137,0.2958927091799538,22.764438265828748
PEP-0199,12,0,1,0,1,18768,0.95978,0.132642857142857,13.3502856173705,0.254615922857143,10.0715,553.027477954639,83.7567953522521,17.3484942422693,5,5,254.615922857143,17.3484942422693,5,260.2274136340395,0.95978,5.611490776896517,257.42166824559126,1.02203904105418,2.203904105418005,2.179882841697271,0.0314503070969345,2.203904105418005
PEP-0295,17,0,0,1,1,24053,0.55639,0.127258929,13.41733763,0.254517858,11.8466666666667,751.095484750999,120.996939173638,18.8662704920382,5,6,254.517858,18.8662704920382,5,282.994057380573,0.55639,28.476199380573007,268.7559576902865,1.1118829130668426,11.188291306684269,10.595560234385164,0.153004872925077,11.188291306684269
PEP-0173,11,0,0,0,0,9673,0.97548,0.12975,14.2529803536854,0.25313706,10.6616666666667,301.645562166456,38.1017913062533,13.1299463476527,5,5,253.13706,13.1299463476527,5,196.9491952147905,0.97548,-56.18786478520951,225.0431276073953,0.7780338256863317,-22.19661743136683,-24.967598603247943,-0.3620952159109903,-22.19661743136683
PEP-0315,16,0,0,2,1,27552,0.91912,0.126041667,14.70147726,0.252083334,11.8308333333333,751.158588843493,171.236621021875,22.9444360951716,5,6,252.083334,22.9444360951716,5,344.166541427574,0.91912,92.083207427574,298.1249377137869,1.3652887557714308,36.52887557714308,30.88745548551793,0.4492061104585109,36.52887557714308
PEP-0254,13,0,0,0,0,22109,0.89709,0.137625,7.75107381530207,0.2469240225,,,138.869615949152,20.9371170035057,5,5,246.9240225,20.9371170035057,5,314.0567550525855,0.89709,67.13273255258551,280.4903887762928,1.2718760688931572,27.187606889315724,23.93405807787864,0.3469581018299582,27.187606889315724
PEP-0043,8,0,0,4,0,27560,93.423,0.13185,13.4031185210678,0.246356451,14.8453333333333,967.218966451605,151.018414190039,18.2654105212916,5,1,246.356451,18.2654105212916,5,273.981157819374,93.423,27.62470681937401,260.168804409687,1.1121330767156328,11.213307671563271,10.617993530028862,0.1533294298155854,11.213307671563271
PEP-0178,11,0,0,0,0,14751,0.95117,0.12890625,11.6178640825335,0.245223515625,10.9953333333333,208.462879598244,70.9885537505324,16.0415234561572,5,5,245.223515625,16.0415234561572,5,240.622851842358,0.95117,-4.600663782641988,242.92318373367905,0.9812388963965536,-1.8761103603446423,-1.8938759619113903,-0.027323671299443,-1.8761103603446423
PEP-0241,13,0,1,0,3,30111,1.0,0.1224,9.97853087540309,0.2448,11.0288333333333,406.011127806946,96.318525757888,14.5368899993794,5,5,244.8,14.5368899993794,5,218.05334999069095,1.0,-26.746650009309008,231.42667499534548,0.8907408087855024,-10.925919121449756,-11.5572891542632,-0.1669224030715754,-10.925919121449756
PEP-0242,12,0,0,1,0,21035,0.90967,0.132625,12.5438955393573,0.2412899675,,,62.1050448476526,9.84154105818122,5,5,241.2899675,9.84154105818122,5,147.6231158727183,0.90967,-93.66685162728172,194.4565416863592,0.6118079313542876,-38.81920686457124,-48.16852691865614,-0.7088492850632826,-38.81920686457124
PEP-0166,12,0,0,0,1,18463,0.97539,0.123541666666667,9.93706611321393,0.2410026125,9.13333333333333,466.944972044205,102.000796343331,21.5355114313257,5,5,241.0026125,21.5355114313257,5,323.0326714698855,0.97539,82.03005896988549,282.0176419849428,1.3403699989761957,34.036999897619566,29.086853713309598,0.4226313006876634,34.036999897619566
PEP-0205,12,0,0,1,0,20931,1.0,0.119625,13.3244205887525,0.23925,,,86.9068991311651,13.840220905382,5,5,239.25,13.840220905382,5,207.60331358073,1.0,-31.646686419270026,223.42665679036497,0.8677254486132915,-13.227455138670855,-14.164239340949916,-0.2046894538077249,-13.227455138670855
PEP-0143,12,0,0,2,1,23738,0.58757,0.196178571428571,8.71190003206707,0.230537286428571,11.8118333333333,815.475650883108,145.209332805389,22.9801599654036,5,4,230.53728642857095,22.9801599654036,5,344.70239948105404,0.58757,114.16511305248306,287.6198429548125,1.495213224815395,49.52132248153952,39.69305868455653,0.5803512345563364,49.52132248153952
PEP-0337,13,0,0,0,3,19962,1.0,0.114446428571429,21.7,0.228892857142858,8.11333333333333,536.863193426088,93.3275672328455,26.0611452438763,5,6,228.892857142858,26.0611452438763,5,390.9171786581445,1.0,162.0243215152865,309.90501790050126,1.7078609771302862,70.78609771302862,52.28192902875369,0.772190541839105,70.78609771302862
PEP-0270,12,0,0,2,1,28859,0.93545,0.12165625,8.02148559761443,0.227606678125,10.172,635.497627285884,158.89966797379,20.2285960858782,5,5,227.606678125,20.2285960858782,5,303.4289412881729,0.93545,75.82226316317295,265.5178097065865,1.3331284643657595,33.312846436575946,28.556375652149743,0.4148158096642486,33.312846436575946
PEP-0014,7,0,0,2,1,29006,58.465,0.19365,12.717256352451,0.226434945,,,249.120568637474,31.5370436162032,5,1,226.434945,31.5370436162032,5,473.055654243048,58.465,246.620709243048,349.745299621524,2.0891459763114213,108.91459763114212,70.51437417741653,1.0629133023345232,108.91459763114212
PEP-0160,12,0,0,2,0,26183,0.54974,0.205375,14.2969053087348,0.225805705,12.5423333333333,522.69713418321,135.49654921917,17.2499394287858,5,4,225.805705,17.2499394287858,5,258.749091431787,0.54974,32.94338643178702,242.2773982158935,1.1458926222957344,14.58926222957344,13.597383278167433,0.1964718603780482,14.58926222957344
PEP-0157,11,0,0,1,0,20038,0.69681,0.160583333333333,13.4593421767668,0.223792145,,,109.933053757879,18.2874295102437,5,4,223.792145,18.2874295102437,5,274.3114426536555,0.69681,50.519297653655485,249.05179382682772,1.2257420503014325,22.57420503014325,20.28465520259729,0.2936554048804682,22.57420503014325
PEP-0249,13,0,0,1,2,27194,0.95711,0.116833333333333,12.8659662695131,0.223644703333333,11.0811666666667,524.057630664375,120.884885161635,18.4466955322033,5,5,223.644703333333,18.4466955322033,5,276.7004329830495,0.95711,53.05572964971648,250.17256815819127,1.2372322208348443,23.723222083484423,21.20765279755526,0.3071163106650521,23.723222083484423
PEP-0269,13,0,0,0,2,16872,0.94452,0.117,8.92845402383598,0.22101768,10.965,355.895885072366,70.7517541924972,20.4685975214075,5,5,221.01768,20.4685975214075,5,307.0289628211125,0.94452,86.0112828211125,264.02332141055626,1.3891601921670362,38.91601921670362,32.57715354900977,0.474212974495136,38.91601921670362
PEP-0213,11,0,0,1,1,17619,0.94551,0.1167,2.4724144038138,0.220682034,10.9466666666667,386.239049346959,74.4458420479859,16.605514375443,5,5,220.682034,16.605514375443,5,249.08271563164504,0.94551,28.40068163164503,234.8823748158225,1.1286950329252676,12.869503292526764,12.09144860439816,0.1746557306456181,12.869503292526764
PEP-0231,13,0,1,0,0,17150,0.9465,0.1163,16.7134316937543,0.2201559,,,50.3941747995123,9.79478616122687,5,5,220.1559,9.79478616122687,5,146.92179241840304,0.9465,-73.23410758159693,183.5388462092015,0.6673534182749727,-33.26465817250273,-39.901148500259794,-0.5834771059533658,-33.26465817250273
PEP-0308,17,0,1,0,2,26388,0.59556,0.109964286,27.79101966,0.219928572,10.2415,735.510339230473,96.2961366880045,15.257492266059,5,6,219.928572,15.257492266059,5,228.862383990885,0.59556,8.933811990885005,224.3954779954425,1.0406214249910422,4.062142499104211,3.981279868334268,0.0574453158773013,4.062142499104211
PEP-0187,12,0,1,1,1,29065,0.9731,0.1126875,9.63006926219975,0.2193124125,11.4836666666667,681.720455230084,115.890723314165,14.6382118623425,5,5,219.3124125,14.6382118623425,5,219.5731779351375,0.9731,0.2607654351375004,219.44279521756877,1.0011890135727612,0.1189013572761187,0.1188307116116352,0.0017143649852083,0.1189013572761187
PEP-0255,12,0,0,0,1,13469,0.94857,0.114875,14.0781843792186,0.2179339575,12.172,362.442520695309,46.6016236939395,14.3912123074361,5,5,217.9339575,14.3912123074361,5,215.8681846115415,0.94857,-2.065772888458497,216.90107105577076,0.990521105971021,-0.9478894028978926,-0.9524032677216864,-0.0137403785759171,-0.9478894028978926
PEP-0192,12,0,0,1,2,21091,0.98171,0.110791666666667,8.78630723172911,0.217530574166667,12.4806666666667,615.02771920074,87.7948657890665,18.5915477180752,5,5,217.53057416666695,18.5915477180752,5,278.873215771128,0.98171,61.34264160446102,248.20189496889748,1.2819954934585962,28.199549345859623,24.71481598162172,0.3583911905242342,28.199549345859623
PEP-0222,11,0,0,0,1,12492,1.0,0.10875,0.975319698188344,0.2175,12.2415,246.154935282109,43.2335665796854,14.6798297442143,5,5,217.5,14.6798297442143,5,220.1974461632145,1.0,2.697446163214522,218.8487230816073,1.0124020513251242,1.240205132512424,1.2325619840188249,0.017782335747313,1.240205132512424
PEP-0330,17,0,1,1,1,28555,0.76929,0.108625,17.88,0.21725,16.0986666666667,457.009384978209,118.403056210431,15.250264839056,5,6,217.25,15.250264839056,5,228.75397258584,0.76929,11.503972585839987,223.00198629292,1.0529526931454083,5.295269314540846,5.158686152117571,0.0744406206963522,5.295269314540846
PEP-0263,12,0,0,0,1,13221,0.98071,0.1105,14.8620321074217,0.21673691,11.0361666666667,249.357103915409,52.8255165101509,16.6968571054273,5,5,216.73691,16.6968571054273,5,250.4528565814095,0.98071,33.7159465814095,233.59488329070476,1.1555616280651482,15.55616280651482,14.433512458169126,0.2085942032352735,15.55616280651482
PEP-0189,12,0,0,0,0,21111,1.0,0.108,1.96418550329597,0.216,,,69.3913060811174,10.9565796790168,5,5,216.0,10.9565796790168,5,164.34869518525198,1.0,-51.651304814748016,190.174347592626,0.7608735888206111,-23.912641117938897,-27.159974764520133,-0.3942713099239061,-23.912641117938897
PEP-0233,13,0,2,0,1,25049,1.0,0.1075,16.4311830071215,0.215,10.5646666666667,432.08329903374,40.8557127461536,6.08678417600095,5,5,215.0,6.08678417600095,5,91.30176264001425,1.0,-123.69823735998575,153.15088132000713,0.4246593611163453,-57.53406388836547,-80.76887073311686,-1.2356220420560111,-57.53406388836547
PEP-0159,11,0,2,2,0,30769,0.91973,0.1160625,12.8116504472691,0.21349232625,14.606,617.93790658674,156.622694350604,16.9675858115424,5,4,213.49232625,16.9675858115424,5,254.513787173136,0.91973,41.021460923136,234.003056711568,1.1921448964638652,19.21448964638653,17.530309859883168,0.2535595954524414,19.21448964638653
PEP-0210,12,0,0,2,1,28815,0.89945,0.11765625,13.787788254081,0.211651828125,9.62833333333333,478.598961139713,136.216646857036,17.3701411447381,5,5,211.651828125,17.3701411447381,5,260.5521171710715,0.89945,48.90028904607146,236.1019726480357,1.2310411843794296,23.10411843794296,20.711512274812115,0.2998790278711656,23.10411843794296
PEP-0152,10,0,0,1,0,13865,0.91908,0.114642857142857,22.4454774613504,0.210731914285714,12.2328333333333,306.648602049123,64.5922889941357,15.5288589960658,5,4,210.731914285714,15.5288589960658,5,232.932884940987,0.91908,22.20097065527301,221.8323996133505,1.105351724870551,10.53517248705507,10.00799283331419,0.1445055107796938,10.53517248705507
PEP-0183,12,0,0,1,0,21121,0.69122,0.1503,15.1219470000221,0.207780732,,,116.373552198464,18.3661682998696,5,5,207.780732,18.3661682998696,5,275.492524498044,0.69122,67.71179249804396,241.636628249022,1.3258809989082336,32.58809989082335,28.022155824928426,0.4069512958206548,32.58809989082335
PEP-0220,12,0,0,0,0,15870,1.0,0.103625,7.49948524296411,0.20725,11.624,190.339468345715,64.1129834418825,13.4662851169676,5,5,207.25,13.4662851169676,5,201.994276754514,1.0,-5.255723245486024,204.622138377257,0.9746406598529022,-2.5359340147097824,-2.568501769733328,-0.0370576850551121,-2.5359340147097824
PEP-0140,8,0,0,1,0,11953,1.0,0.103166666666667,12.4873716422328,0.206333333333333,12.1383333333333,67.0539578947442,53.4449860008972,14.9042042446519,5,4,206.333333333333,14.9042042446519,5,223.5630636697785,1.0,17.2297303364455,214.9481985015557,1.0835043473494936,8.350434734949367,8.0157593580952,0.1157049419751703,8.350434734949367
PEP-0234,13,0,1,0,0,17306,0.95223,0.108,15.8113883008419,0.20568168,10.4223333333333,498.5888921478,52.3854590016854,10.0900379447755,5,5,205.68168,10.0900379447755,5,151.3505691716325,0.95223,-54.33111082836752,178.51612458581624,0.7358485654708407,-26.415143452915935,-30.434847806843056,-0.4425191986094126,-26.415143452915935
PEP-0321,17,0,0,2,1,33691,0.93026,0.10215,12.55,0.2043,15.2548333333333,477.019539849509,121.320321156119,13.0384662922491,5,6,204.3,13.0384662922491,5,195.5769943837365,0.93026,-8.72300561626352,199.93849719186824,0.9573029583149116,-4.26970416850882,-4.362844444055518,-0.0629525272395087,-4.26970416850882
PEP-0248,12,0,0,1,2,26233,0.95633,0.10528125,16.4484415159663,0.201367235625,11.8535,597.893911160556,108.142184034965,17.2615977964477,5,5,201.367235625,17.2615977964477,5,258.9239669467155,0.95633,57.55673132171549,230.14560128585777,1.285829674043406,28.5829674043406,25.008833972988167,0.3626995503740557,28.5829674043406
PEP-0060,7,0,0,0,0,6052,0.81147,0.122875,7.3948247590585,0.1994187525,9.48333333333333,209.191491583767,26.3584198013596,14.5177460901958,5,4,199.4187525,14.5177460901958,5,217.766191352937,0.81147,18.347438852937017,208.59247192646848,1.092004581429407,9.200458142940704,8.795829822374762,0.1269789089973447,9.200458142940704
PEP-0283,13,0,0,1,1,19487,0.69218,0.141678571428571,16.9925810571362,0.196134147142857,12.042,406.518820032939,71.2130881511694,14.1194956283546,5,5,196.13414714285705,14.1194956283546,5,211.792434425319,0.69218,15.65828728246197,203.963290784088,1.079834580110403,7.983458011040291,7.677012477229327,0.1108103228212553,7.983458011040291
PEP-0235,13,0,0,2,0,22109,0.67213,0.142375,15.0087019522462,0.1913890175,,,66.3469653612483,10.0030101408549,5,5,191.3890175,10.0030101408549,5,150.0451521128235,0.67213,-41.34386538717649,170.71708480641175,0.7839799486552226,-21.602005134477736,-24.217766742010177,-0.3511113389468869,-21.602005134477736
PEP-0262,14,0,3,0,0,33874,0.84002,0.1135,14.077629978773,0.19068454,10.3875,712.319397266302,154.185935036207,15.1724956245898,5,5,190.68454000000003,15.1724956245898,5,227.587434368847,0.84002,36.90289436884697,209.13598718442356,1.1935285071817934,19.35285071817934,17.64540616164003,0.2552330253041823,19.35285071817934
PEP-0331,17,0,1,1,0,26245,0.6803,0.095,12.79,0.19,17.1996666666667,388.801432884914,66.5313800962904,8.45003874976699,5,6,190.0,8.45003874976699,5,126.75058124650486,0.6803,-63.249418753495135,158.37529062325245,0.6671083223500256,-33.289167764997444,-39.93641843029329,-0.584007055473348,-33.289167764997444
PEP-0089,8,0,0,0,0,7019,0.68163,0.139,12.3732641510754,0.18949314,10.81,143.789633410107,13.47548077379,6.39952546601604,5,4,189.49314,6.39952546601604,5,95.9928819902406,0.68163,-93.50025800975942,142.7430109951203,0.5065770823695285,-49.34229176304716,-65.50251207252154,-0.9811462841214136,-49.34229176304716
PEP-0086,11,0,0,0,0,15083,0.66382,0.1423125,12.6676947150214,0.1889397675,9.06516666666666,195.793992992786,42.9027485468359,9.48147993255894,5,4,188.9397675,9.48147993255894,5,142.2221989883841,0.66382,-46.717568511615895,165.58098324419203,0.7527382978725434,-24.726170212745654,-28.214332102810825,-0.4097797200111098,-24.726170212745654
PEP-0207,11,0,1,0,1,23056,0.88447,0.10575,7.33622725729688,0.187065405,10.285,221.50161997406,84.6482277247851,13.8443039636238,5,5,187.065405,13.8443039636238,5,207.664559454357,0.88447,20.59915445435701,197.3649822271785,1.110117391584815,11.011739158481497,10.437086772893778,0.1507122453161645,11.011739158481497
PEP-0179,11,0,1,0,0,15271,0.80128,0.115785714285714,7.39537975133275,0.185553554285714,11.0508333333333,505.502050369212,49.0342337447946,10.7031265677416,5,5,185.553554285714,10.7031265677416,5,160.546898516124,0.80128,-25.00665576959,173.050226400919,0.8652321381508816,-13.47678618491184,-14.450518956071818,-0.2088408411804094,-13.47678618491184
PEP-0182,12,0,1,0,0,16040,0.96514,0.09571875,10.1034197139529,0.18476398875,11.5483333333333,491.06427419122,54.9644449639163,11.422370108877,5,5,184.76398875,11.422370108877,5,171.335551633155,0.96514,-13.428437116845004,178.04977019157752,0.9273211343417428,-7.267886565825724,-7.541957005839608,-0.1088590594971134,-7.267886565825724
PEP-0184,12,0,0,0,1,13591,0.63907,0.143916666666667,14.7749552408991,0.183945648333333,,,70.1940422160405,21.4346043166119,5,5,183.945648333333,21.4346043166119,5,321.5190647491785,0.63907,137.5734164158455,252.7323565412557,1.7479025335056848,74.79025335056848,54.43442948840948,0.8056247395591077,74.79025335056848
PEP-0264,13,0,1,0,1,19752,0.94199,0.09628125,17.0863188074343,0.181391949375,10.5595,346.614111812089,49.4427077366418,9.65093551495027,5,5,181.391949375,9.65093551495027,5,144.76403272425404,0.94199,-36.62791665074596,163.07799104962703,0.7980730855093058,-20.19269144906942,-22.460367836883364,-0.3254072240365829,-20.19269144906942
PEP-0190,11,0,1,1,0,20343,0.96984,0.0926428571428571,13.292266465249,0.179697497142857,12.0083333333333,522.282330657494,62.8175891804131,10.2930720117343,5,5,179.69749714285695,10.2930720117343,5,154.3960801760145,0.96984,-25.30141696684248,167.04678865943572,0.8591999478616654,-14.080005213833452,-15.146305517088022,-0.2189341891102647,-14.080005213833452
PEP-0061,9,0,0,0,2,13150,0.62746,0.137785714285714,13.7046856542113,0.172910048571429,7.46833333333333,145.579241729911,56.8236348379032,24.2836046315826,5,4,172.910048571429,24.2836046315826,5,364.25406947373904,0.62746,191.34402090231004,268.582059022584,2.1066101853719967,110.6610185371997,71.24229429122839,1.0749233774394105,110.6610185371997
PEP-0212,12,0,0,2,1,23685,0.94661,0.0913214285714286,13.0762840751419,0.172891555,11.518,482.351711234872,83.916125284697,13.3136800388223,5,5,172.891555,13.3136800388223,5,199.7052005823345,0.94661,26.813645582334487,186.29837779116724,1.1550893887346578,15.508938873465793,14.392849739352789,0.2080045015929714,15.508938873465793
PEP-0185,12,0,0,0,1,13485,1.0,0.0851666666666667,12.0432768636463,0.170333333333333,12.2283333333333,424.186584655045,47.8710719125957,14.7613542746209,5,5,170.333333333333,14.7613542746209,5,221.4203141193135,1.0,51.0869807859805,195.87682372632327,1.2999235662582032,29.992356625820317,26.081176840685664,0.3784267972367578,29.992356625820317
PEP-0271,13,0,0,3,1,29873,0.68652,0.123777777777778,12.7197848570801,0.16995184,10.5163333333333,400.396233626769,121.335997960356,14.8707010270799,5,5,169.95184,14.8707010270799,5,223.0605154061985,0.68652,53.1086754061985,196.50617770309924,1.312492500264772,31.24925002647721,27.02646605158657,0.3923091790745818,31.24925002647721
PEP-0196,11,0,0,0,1,17614,1.0,0.082,10.3263234780569,0.164,11.5355,270.03206096825,53.8825530921094,12.022793380215,5,5,164.0,12.022793380215,5,180.341900703225,1.0,16.341900703225008,172.1709503516125,1.0996457359952745,9.964573599527444,9.491671312640785,0.1370388171666534,9.964573599527444
PEP-0333,15,0,1,1,0,24174,0.96188,0.0819583333333333,19.38,0.163916666666667,17.3316666666667,299.444383711766,61.7516860036558,8.51489010281787,5,6,163.916666666667,8.51489010281787,5,127.72335154226803,0.96188,-36.19331512439896,145.82000910446752,0.7791968574007185,-22.080314259928148,-24.82054098520153,-0.3599402360265805,-22.080314259928148
PEP-0352,13,0,2,0,0,22458,1.0,0.081708333,18.01,0.163416666,12.3226666666667,455.819135649778,76.8092599723022,11.4004304289937,5,6,163.416666,11.4004304289937,5,171.0064564349055,1.0,7.589790434905495,167.21156121745275,1.0464444087661506,4.644440876615055,4.539034489986754,0.0654956720067565,4.644440876615055
PEP-0316,16,0,1,2,1,32887,0.53664,0.08140625,13.90746813,0.1628125,,,75.631349975316,8.34451542161128,5,6,162.8125,8.34451542161128,5,125.1677313241692,0.53664,-37.64476867583079,143.9901156620846,0.7687845302060297,-23.12154697939703,-26.14399502544701,-0.3793487889780805,-23.12154697939703
PEP-0339,13,0,1,0,3,25006,0.85313,0.0811111111111111,16.59,0.162222222222222,10.1115,688.98311009834,78.2586390704964,15.3620004849531,5,6,162.222222222222,15.3620004849531,5,230.43000727429649,0.85313,68.20778505207448,196.32611474825924,1.4204589489511446,42.04589489511447,34.74208468880183,0.5063571384613624,42.04589489511447
PEP-0317,16,0,0,0,3,22582,0.69979,0.0807,18.41368677,0.1614,11.1691666666667,255.007612777505,70.3833389944557,16.1167225377151,5,6,161.39999999999998,16.1167225377151,5,241.75083806572647,0.69979,80.35083806572649,201.57541903286324,1.497836667073894,49.78366670738941,39.86142678072605,0.5828803124149521,49.78366670738941
PEP-0167,11,0,0,0,1,22635,0.85623,0.093875,12.3916471557422,0.1607571825,,,85.3208918985038,14.2486459416339,5,5,160.7571825,14.2486459416339,5,213.7296891245085,0.85623,52.9725066245085,187.24343581225423,1.3295187549365546,32.95187549365547,28.290714915968064,0.4109041288037892,32.95187549365547
PEP-0293,16,0,0,0,0,14873,0.83715,0.080339286,27.69193565,0.160678572,12.6346666666667,506.954373976667,53.1369410368279,11.9090389826818,5,6,160.678572,11.9090389826818,5,178.635584740227,0.83715,17.957012740226986,169.65707837011348,1.1117573582881168,11.175735828811687,10.58429917144575,0.1528419533565177,11.175735828811687
PEP-0340,13,0,0,1,1,24728,0.9217,0.079916667,16.59,0.159833334,10.7866666666667,384.844601433967,64.151392304535,9.69654805915068,5,6,159.83333399999998,9.69654805915068,5,145.44822088726022,0.9217,-14.38511311273976,152.6407774436301,0.9099992926835916,-9.000070731640848,-9.42416132416002,-0.1360626709411619,-9.000070731640848
PEP-0319,15,0,0,1,0,18893,0.71063,0.0798125,12.47,0.159625,14.7003333333333,195.870686826493,36.7121957447671,6.47721303212249,5,6,159.625,6.47721303212249,5,97.15819548183735,0.71063,-62.46680451816265,128.39159774091868,0.6086652810138596,-39.133471898614026,-48.65334306705519,-0.7162790197528688,-39.133471898614026
PEP-0259,12,0,1,1,1,23783,0.97165,0.081375,10.0583360779785,0.1581360375,11.239,321.828285328469,58.3703637969738,9.21773163365767,5,5,158.1360375,9.21773163365767,5,138.26597450486503,0.97165,-19.87006299513496,148.2010060024325,0.874348293347524,-12.56517066524761,-13.40750884970971,-0.1937200085353645,-12.56517066524761
PEP-0240,12,0,0,0,0,10991,0.79104,0.0999,8.88582223069956,0.158049792,,,17.9973713477702,5.45821470529532,5,5,158.049792,5.45821470529532,5,81.8732205794298,0.79104,-76.1765714205702,119.96150628971488,0.51802169141374,-48.197830858626,-63.50084604356233,-0.9489155849295374,-48.197830858626
PEP-0309,15,0,1,1,2,29480,0.71765,0.07825,20.6793441,0.1565,11.6183333333333,587.884824293243,102.293710100814,14.1309172676908,5,6,156.5,14.1309172676908,5,211.963759015362,0.71765,55.463759015362,184.231879507681,1.3544010160726003,35.44010160726007,30.105408012759053,0.4376549606574387,35.44010160726007
PEP-0200,12,0,0,2,3,28887,1.0,0.07759375,5.69615375215051,0.1551875,11.6766666666667,456.095421389726,72.8735329015035,11.6437434732214,5,5,155.1875,11.6437434732214,5,174.656152098321,1.0,19.468652098321,164.9218260491605,1.1254524500898655,12.54524500898655,11.804775974598847,0.1705051047985663,12.54524500898655
PEP-0176,12,0,0,1,3,23770,0.78662,0.0985714285714286,10.7859099668143,0.155076514285714,11.0151666666667,598.116282378469,81.0264652631158,17.1539039405347,5,5,155.076514285714,17.1539039405347,5,257.3085591080205,0.78662,102.2320448223065,206.19253669686725,1.6592361537992368,65.92361537992367,49.58086575781467,0.730519235099485,65.92361537992367
PEP-0174,11,0,0,1,1,17744,0.92265,0.0831071428571429,11.8785794480573,0.153357610714286,10.658,379.295939387915,54.7368896533808,12.108056197797,5,5,153.357610714286,12.108056197797,5,181.620842966955,0.92265,28.263232252668985,167.48922684062052,1.1842962479724923,18.42962479724922,16.874656827667923,0.2440300117274322,18.42962479724922
PEP-0215,12,0,0,2,2,26326,0.96987,0.0789,7.4363525534631,0.153045486,12.2638333333333,422.585810982953,76.5311556623346,12.1617015735975,5,5,153.045486,12.1617015735975,5,182.4255236039625,0.96987,29.38003760396248,167.73550480198125,1.191969318219307,19.196931821930686,17.515693912655426,0.2533471007140517,19.196931821930686
PEP-0168,12,0,1,0,2,21510,0.64736,0.117375,11.8633214927276,0.15196776,,,66.8469798962396,13.7885684604455,5,5,151.96776,13.7885684604455,5,206.8285269066825,0.64736,54.8607669066825,179.39814345334125,1.3610026686363117,36.10026686363114,30.58045409536301,0.4446698956623323,36.10026686363114
PEP-0219,12,0,1,0,2,21386,1.0,0.075875,9.44836037798664,0.15175,11.907,430.623021378885,73.0446008900544,15.1834623950392,5,5,151.75,15.1834623950392,5,227.751935925588,1.0,76.00193592558799,189.750967962794,1.5008364805640064,50.08364805640065,40.05351684977455,0.5857668007225487,50.08364805640065
PEP-0273,13,0,0,1,0,17175,0.9769,0.0774,12.2262095314631,0.15122412,10.7321666666667,348.444019653285,48.7130559170764,9.45425636430401,5,5,151.22412,9.45425636430401,5,141.81384546456016,0.9769,-9.41027453543984,146.51898273228008,0.937772661296096,-6.222733870390411,-6.42256338390932,-0.0926898738233558,-6.222733870390411
PEP-0232,13,0,0,0,3,19605,0.48811,0.15490625,42.7190925439482,0.151222579375,9.43166666666667,223.311348129643,74.0596989627156,21.3182783427506,5,5,151.222579375,21.3182783427506,5,319.774175141259,0.48811,168.55159576625897,235.4983772581295,2.114592784112528,111.45927841125278,71.5722960509022,1.080379864335614,111.45927841125278
PEP-0266,12,0,1,0,1,18846,0.90499,0.0834375,10.9958289696476,0.15102020625,9.97166666666667,426.010985975026,60.0017002687018,12.3681694120549,5,5,151.02020625,12.3681694120549,5,185.5225411808235,0.90499,34.50233493082351,168.27137371541176,1.2284617124261377,22.84617124261377,20.503983636085028,0.2968528937979836,22.84617124261377
PEP-0244,14,0,0,0,0,12766,0.87166,0.0863571428571429,10.1706707354438,0.150548134285714,11.1083333333333,263.111374827598,29.0436962583153,7.58360652209393,5,5,150.548134285714,7.58360652209393,5,113.75409783140896,0.87166,-36.79403645430506,132.15111605856148,0.7555995188590221,-24.44004811409779,-27.842395548139105,-0.4043063118216458,-24.44004811409779
PEP-0351,13,0,3,1,1,40623,0.91871,0.072805556,22.58,0.145611112,12.6003333333333,188.331200906365,104.940273247397,9.21790109688673,5,6,145.611112,9.21790109688673,5,138.26851645330095,0.91871,-7.342595546699044,141.93981422665047,0.9495739339817756,-5.042606601822425,-5.173034491206489,-0.0746477616676105,-5.042606601822425
PEP-0256,14,0,0,0,0,22857,0.76564,0.0946875,9.80890701486978,0.144993075,,,85.4045037504402,12.454901306739,5,5,144.993075,12.454901306739,5,186.823519601085,0.76564,41.83044460108499,165.9082973005425,1.288499603178186,28.84996031781862,25.21299132213336,0.3656920928879082,28.84996031781862
PEP-0074,10,0,0,0,2,19277,0.46944,0.154125,12.5760395796362,0.14470488,9.48233333333333,156.982796977253,30.1186721824924,7.20870064921674,5,4,144.70488,7.20870064921674,5,108.1305097382511,0.46944,-36.574370261748896,126.41769486912555,0.7472485360428142,-25.27514639571858,-28.9313693780073,-0.420339929408671,-25.27514639571858
PEP-0097,9,0,0,0,3,15603,0.87739,0.07875,18.1702705031799,0.138188925,9.6495,284.1583479408,43.6023542647854,19.1793587863048,5,4,138.18892499999998,19.1793587863048,5,287.690381794572,0.87739,149.501456794572,212.939653397286,2.081862796129082,108.1862796129082,70.20836861965017,1.0578749918521777,108.1862796129082
PEP-0227,12,0,0,1,0,15857,1.0,0.069,16.2680755946693,0.138,12.4473333333333,260.403482374715,37.5193988672909,7.88703177719427,5,5,138.0,7.88703177719427,5,118.30547665791406,1.0,-19.694523342085944,128.152738328957,0.8572860627385076,-14.271393726149237,-15.368008205592773,-0.2221514057997206,-14.271393726149237
PEP-0274,12,0,1,1,1,23785,0.92749,0.0741666666666667,10.9900047552142,0.137577683333333,11.7975,410.340235464015,65.2264436964106,10.29945423913,5,5,137.577683333333,10.29945423913,5,154.49181358695,0.92749,16.914130253617003,146.0347484601415,1.122942397660791,12.2942397660791,11.582264106294897,0.1672839252981798,12.2942397660791
PEP-0258,12,0,1,1,1,23774,1.0,0.06834375,16.5644402201428,0.1366875,11.2395,401.707173014006,60.4757170162702,9.55427856237582,5,5,136.6875,9.55427856237582,5,143.3141784356373,1.0,6.626678435637302,140.00083921781865,1.0484805006722435,4.848050067224364,4.7333133663058,0.0683000308717545,4.848050067224364
PEP-0294,15,0,0,0,1,16399,0.75666,0.0675,25.14157444,0.135,,,132.441542658329,32.1678671568855,5,6,135.0,32.1678671568855,5,482.5180073532825,0.75666,347.5180073532825,308.7590036766412,3.5742074618761666,257.42074618761666,112.55315738653992,1.8376233768341657,257.42074618761666
PEP-0250,13,0,0,0,3,19833,0.854,0.07875,19.901495896708,0.134505,,,50.4233757185793,14.2342411129684,5,5,134.50500000000002,14.2342411129684,5,213.513616694526,0.854,79.00861669452598,174.00930834726302,1.5874028229026873,58.74028229026874,45.40482198621917,0.6666682761635074,58.74028229026874
PEP-0228,12,0,0,1,0,15859,0.96493,0.069125,13.8508207963546,0.1334015725,12.2868333333333,318.960098287929,48.4004597489766,10.1730793763744,5,5,133.4015725,10.1730793763744,5,152.596190645616,0.96493,19.194618145615976,142.998881572808,1.1438859961385837,14.388599613858355,13.4229148749272,0.1939432750173374,14.388599613858355
PEP-0101,10,0,0,1,1,16543,0.67101,0.0991875,13.2440827483233,0.13311160875,,,54.2124198945894,13.0305787651643,5,4,133.11160875,13.0305787651643,5,195.4586814774645,0.67101,62.34707272746451,164.28514511373226,1.4683819338744526,46.83819338744527,37.95052357552019,0.5542272695704791,46.83819338744527
PEP-0268,13,0,0,2,1,24718,0.66819,0.09871875,18.8820507672997,0.131925763125,10.306,288.676644996232,85.2271064495872,12.8880077499414,5,5,131.925763125,12.8880077499414,5,193.32011624912096,0.66819,61.39435312412098,162.6229396870605,1.4653704604001394,46.537046040013934,37.75257859823695,0.551265438584605,46.537046040013934
PEP-0280,14,0,0,0,0,12707,0.88405,0.0743,16.3083938431458,0.13136983,12.1781666666667,196.778736364957,32.560330602857,8.54131072187429,5,5,131.36982999999998,8.54131072187429,5,128.11966082811435,0.88405,-3.2501691718856307,129.74474541405715,0.9752593942468706,-2.47406057531294,-2.505048787535324,-0.0361421047207367,-2.47406057531294
PEP-0216,12,0,2,0,2,26731,0.98088,0.0669642857142857,15.2022454481786,0.131367857142857,11.1115,439.430880227835,68.152840173163,10.625140728242,5,5,131.36785714285702,10.625140728242,5,159.37711092363,0.98088,28.00925378077298,145.3724840332435,1.2132123823129284,21.321238231292828,19.267232012330396,0.2788321276133752,21.321238231292828
PEP-0257,12,0,0,0,0,10866,0.96054,0.06805,17.0155414492635,0.130729494,12.0165,382.29049416405,37.593275449959,11.5323870942877,5,5,130.729494,11.5323870942877,5,172.9858064143155,0.96054,42.25631241431552,151.85765020715775,1.3232347278443188,32.32347278443189,27.82626516126863,0.4040690031581939,32.32347278443189
PEP-0128,10,0,0,0,0,8872,0.82673,0.0777,22.8990406983918,0.128473842,11.1365,235.679012433092,31.5147248687972,11.8405188115409,5,4,128.473842,11.8405188115409,5,177.6077821731135,0.82673,49.1339401731135,153.04081208655674,1.3824431449097123,38.24431449097124,32.1051224854481,0.4672201486382994,38.24431449097124
PEP-0072,12,0,0,0,3,18695,0.57475,0.110041666666667,8.99890584074944,0.126492895833333,9.66833333333333,183.588295543951,39.5031424128101,12.3408754804155,5,4,126.492895833333,12.3408754804155,5,185.1131322062325,0.57475,58.6202363728995,155.80301401978275,1.463427103844136,46.34271038441361,37.62458431353345,0.5493508840850263,46.34271038441361
PEP-0218,12,0,1,1,1,24100,1.0,0.062625,5.65543422903837,0.12525,10.6075,433.989219426312,58.7936122443571,9.14719754871366,5,5,125.25,9.14719754871366,5,137.2079632307049,1.0,11.957963230704904,131.22898161535244,1.0954727603249892,9.547276032498926,9.1122883706856,0.1315536111810409,9.547276032498926
PEP-0100,9,0,0,0,0,7801,0.9375,0.06675,41.3904279918963,0.12515625,10.9883333333333,246.747281420626,24.4065206251616,10.4287999936596,5,4,125.15625,10.4287999936596,5,156.431999904894,0.9375,31.275749904894013,140.79412495244702,1.2498936321989034,24.98936321989035,22.21381745542106,0.3218053246244452,24.98936321989035
PEP-0221,11,0,1,2,1,28123,0.98068,0.0634166666666667,10.0544946740001,0.124382913333333,13.0015,481.475395475371,90.8030002870655,11.8939275237171,5,5,124.382913333333,11.8939275237171,5,178.40891285575648,0.98068,54.02599952242349,151.39591309454474,1.4343522600860743,43.43522600860743,35.685243028115934,0.520399376529161,43.43522600860743
PEP-0334,15,0,1,1,0,24096,0.91953,0.06175,21.26,0.1235,17.7923333333333,232.149343595975,51.9951305547438,7.19277481113654,5,6,123.5,7.19277481113654,5,107.8916221670481,0.91953,-15.608377832951902,115.69581108352403,0.8736163738222518,-12.63836261777482,-13.49087550082844,-0.1949281985531443,-12.63836261777482
PEP-0277,14,0,0,1,1,20578,0.91361,0.065175,13.8563097884656,0.1190890635,10.9353333333333,390.317591335783,56.1689834674398,10.4580207167216,5,5,119.0890635,10.4580207167216,5,156.87031075082402,0.91361,37.78124725082402,137.979687125412,1.317252030878755,31.725203087875503,27.38174584820157,0.3975314039941385,31.725203087875503
PEP-0165,11,0,0,0,0,9964,0.81773,0.072625,6.31929767665605,0.1187752825,9.87333333333333,279.391864517829,26.5764596064364,8.89082684545577,5,5,118.7752825,8.89082684545577,5,133.36240268183656,0.81773,14.587120181836568,126.06884259091828,1.1228127593115729,12.281275931157284,11.570757597236314,0.1671173634152843,12.281275931157284
PEP-0281,12,0,1,2,1,29009,0.96897,0.06025,13.2032386528608,0.116760885,12.767,400.038379131744,64.2294558598514,8.1301050428915,5,5,116.760885,8.1301050428915,5,121.95157564337252,0.96897,5.1906906433725055,119.35623032168624,1.0444557322717494,4.445573227174927,4.3489063196639774,0.0627513471820358,4.445573227174927
PEP-0195,11,0,0,1,2,20213,0.64121,0.09075,10.8513372311867,0.116379615,12.3855,288.89672334773,77.1503582770383,17.3025540552689,5,5,116.379615,17.3025540552689,5,259.5383108290335,0.64121,143.1586958290335,187.95896291451675,2.230101129214369,123.01011292143689,76.16486791009892,1.1571091340504902,123.01011292143689
PEP-0224,11,0,0,1,1,17598,0.95862,0.059625,5.18629638442473,0.114315435,13.01,361.202837614055,51.4939053485941,11.5021343672171,5,5,114.315435,11.5021343672171,5,172.53201550825648,0.95862,58.21658050825647,143.42372525412824,1.5092626425141669,50.92626425141667,40.59062083703672,0.5938438861041581,50.92626425141667
PEP-0272,13,0,0,0,1,24629,0.5311,0.10595,16.8165423238607,0.11254009,,,79.227743663585,12.0293558749484,5,5,112.54009,12.0293558749484,5,180.440338124226,0.5311,67.90024812422601,146.490214062113,1.6033427565610263,60.33427565610265,46.35138842478295,0.6810828723618401,60.33427565610265
PEP-0225,11,0,0,1,2,20239,0.97778,0.0573,9.68940079755065,0.112053588,13.6293333333333,325.275453661576,43.9842527542569,9.84714727970468,5,5,112.053588,9.84714727970468,5,147.7072091955702,0.97778,35.653621195570224,129.8803985977851,1.3181836640123494,31.81836640123494,27.45111778258605,0.3985513966734185,31.81836640123494
PEP-0208,12,0,2,0,2,26720,0.97911,0.0556071428571429,13.3616481291606,0.108891019285714,10.2686666666667,358.258329280897,46.7248772723324,7.28823541917523,5,5,108.891019285714,7.28823541917523,5,109.32353128762844,0.97911,0.4325120019144464,109.1072752866712,1.0039719712860764,0.397197128607639,0.3964098643083639,0.0057189929430377,0.397197128607639
PEP-0278,12,0,1,3,0,36603,0.77398,0.0701666666666667,11.4251534560058,0.108615193333333,,,85.0701177363226,7.74709884766482,5,5,108.615193333333,7.74709884766482,5,116.20648271497232,0.77398,7.591289381639314,112.41083802415264,1.0698915975626184,6.98915975626185,6.7531650106622685,0.0974646287933015,6.98915975626185
PEP-0311,16,0,0,0,0,19908,0.9476,0.05368125,14.41649064,0.1073625,,,67.3529644657247,11.2773699795266,5,6,107.3625,11.2773699795266,5,169.160549692899,0.9476,61.798049692899,138.2615248464495,1.5756018134162209,57.56018134162208,44.69649077104472,0.6559029825146339,57.56018134162208
PEP-0275,13,0,0,2,1,29907,1.0,0.05325,9.38497535152545,0.1065,,,62.7562052086505,7.68167415891237,5,5,106.5,7.68167415891237,5,115.22511238368554,1.0,8.725112383685541,110.86255619184276,1.0819259378749817,8.192593787498161,7.870206752753489,0.1136017443426216,8.192593787498161
PEP-0163,11,0,0,0,2,20081,0.8415,0.06225,15.9230743787944,0.10476675,7.9745,125.91371971308,30.4389618128625,6.88773376165061,5,5,104.76675,6.88773376165061,5,103.31600642475917,0.8415,-1.4507435752408495,104.04137821237958,0.9861526335861248,-1.3847366413875106,-1.3943909626797215,-0.0201171352256778,-1.3847366413875106
PEP-0162,11,0,1,0,0,15058,0.95758,0.05375,18.855452385954,0.10293985,16.3473333333333,166.074422068215,30.8650195630034,6.83247433545921,5,4,102.93985,6.83247433545921,5,102.48711503188817,0.95758,-0.4527349681118409,102.71348251594408,0.9956019464948528,-0.4398053505147335,-0.4407746257085222,-0.0063590439620195,-0.4398053505147335
PEP-0347,13,0,0,0,1,19473,0.669,0.047571429,15.31,0.095142858,9.9475,115.166327275944,15.8808752846362,3.15134247819903,5,6,95.142858,3.15134247819903,5,47.27013717298545,0.669,-47.87272082701454,71.20649758649272,0.4968332691139618,-50.31667308860381,-67.23083208644655,-1.0091663118710577,-50.31667308860381
PEP-0276,14,0,0,0,2,17956,0.81231,0.0574285714285714,14.6760898800724,0.0932996057142857,,,46.4663165268576,12.2868254605895,5,5,93.29960571428568,12.2868254605895,5,184.30238190884248,0.81231,91.0027761945568,138.80099381156407,1.9753822162254089,97.53822162254087,65.56349035807479,0.9821318270124252,97.53822162254087
PEP-0238,12,0,0,0,0,10923,1.0,0.04625,14.8506074131848,0.0925,11.3663333333333,182.953396050737,16.5316178728717,5.04489544168932,5,5,92.5,5.04489544168932,5,75.6734316253398,1.0,-16.826568374660198,84.0867158126699,0.8180911527063762,-18.190884729362377,-20.01097106961196,-0.2896664959368097,-18.190884729362377
PEP-0326,15,0,0,1,0,18943,0.87695,0.0459,18.54,0.0918,17.2273333333333,116.860983516703,22.8608275206898,4.02273971399986,5,6,91.8,4.02273971399986,5,60.34109570999789,0.87695,-31.45890429000212,76.07054785499895,0.6573104107842908,-34.26895892157093,-41.35490696079535,-0.6053532595902025,-34.26895892157093
PEP-0180,12,0,0,1,2,26395,0.7105,0.06440625,7.27053056074995,0.09152128125,,,59.2352842977416,9.38232110520973,5,5,91.52128125,9.38232110520973,5,140.73481657814594,0.7105,49.21353532814594,116.12804891407296,1.5377277793316069,53.77277793316069,42.37868093741994,0.6208001286778482,53.77277793316069
PEP-0177,12,0,0,1,0,21273,0.94765,0.04425,5.25150284231514,0.083867025,11.1631666666667,177.077493825782,38.5519981369289,6.04083394238846,5,5,83.867025,6.04083394238846,5,90.6125091358269,0.94765,6.745484135826899,87.23976706791345,1.0804307072514725,8.043070725147219,7.732120754719289,0.1116065488190728,8.043070725147219
PEP-0323,16,0,0,0,1,17103,0.92861,0.039796875,15.41,0.07959375,14.9146666666667,153.213837119072,29.0361120661582,6.70827836294202,5,6,79.59375,6.70827836294202,5,100.6241754441303,0.92861,21.0304254441303,90.10896272206514,1.2642220707546798,26.422207075467988,23.33888306871004,0.3382499067398283,26.422207075467988
PEP-0209,11,0,1,0,0,15071,1.0,0.039375,15.6685240371467,0.07875,11.2796666666667,188.108714309439,28.2979329188165,6.25880452940891,5,5,78.75,6.25880452940891,5,93.88206794113366,1.0,15.132067941133656,86.31603397056682,1.192153243696935,19.21532436969353,17.5310046639696,0.2535696969674764,19.21532436969353
PEP-0282,14,0,0,0,2,17967,1.0,0.0393,19.9059615426035,0.0786,15.1623333333333,86.0365130571455,14.2197229850754,3.75676282927145,5,5,78.60000000000001,3.75676282927145,5,56.35144243907175,1.0,-22.248557560928266,67.47572121953587,0.7169394712350095,-28.306052876499056,-32.97268581767565,-0.4800767726620468,-28.306052876499056
PEP-0206,11,0,1,0,0,15172,1.0,0.0384375,14.6294998430637,0.076875,10.9405,172.632195567434,23.4801456029563,5.15865752767298,5,5,76.875,5.15865752767298,5,77.37986291509469,1.0,0.5048629150946908,77.12743145754735,1.0065673224727765,0.6567322472776466,0.6545828190487306,0.0094436675891077,0.6567322472776466
PEP-0098,9,0,0,0,3,15660,0.87193,0.04405,19.6124852216595,0.076817033,9.87816666666667,297.861132662076,36.5149617100542,15.941917358679,5,4,76.81703300000001,15.941917358679,5,239.12876038018496,0.87193,162.31172738018498,157.9728966900925,3.1129653286685124,211.29653286685124,102.74656651932152,1.6382895085653475,211.29653286685124
PEP-0188,11,0,0,1,2,20202,0.79266,0.0481071428571429,6.88024186731859,0.0762652157142857,12.1288333333333,139.468977499902,37.3872308364953,8.39106536414743,5,5,76.2652157142857,8.39106536414743,5,125.86598046221144,0.79266,49.60076474792574,101.06559808824858,1.6503720507884792,65.03720507884792,49.077792726873575,0.7227912943627951,65.03720507884792
PEP-0265,12,0,1,1,2,26417,1.0,0.02985,17.9784359999983,0.0597,11.379,164.071928627539,18.8737099612936,2.98629926129232,5,5,59.7,2.98629926129232,5,44.7944889193848,1.0,-14.9055110806152,52.2472444596924,0.7503264475608844,-24.967355243911555,-28.52879847494057,-0.4144096835319493,-24.967355243911555
PEP-0261,13,0,0,0,2,16866,1.0,0.028125,6.71096394246289,0.05625,10.0125,148.996219798763,15.6973560679326,4.54363669906581,5,5,56.25,4.54363669906581,5,68.15455048598714,1.0,11.904550485987144,62.20227524299357,1.211636453084216,21.16364530842159,19.138448617003068,0.2769568885716891,21.16364530842159
PEP-0230,12,0,1,4,1,39337,0.95603,0.0285,13.92500690034,0.05449371,14.9566666666667,336.030786186034,47.7543440134614,4.34185660115482,5,5,54.49371,4.34185660115482,5,65.1278490173223,0.95603,10.634139017322305,59.81077950866116,1.195144338994763,19.51443389947629,17.77963622056185,0.257184864713908,19.51443389947629
PEP-0335,17,0,0,1,0,20793,0.42349,0.0264642857142857,16.74,0.0529285714285714,15.963,58.5997697211846,7.03372272585875,1.12757862836191,5,6,52.9285714285714,1.12757862836191,5,16.91367942542865,0.42349,-36.01489200314275,34.92112542700003,0.3195566962968977,-68.04433037031022,-103.13210574621702,-1.6458561755780157,-68.04433037031022
PEP-0223,11,0,0,1,0,14874,1.0,0.024375,11.9168718344844,0.04875,13.4541666666667,72.5744310792273,14.1439052265669,3.16971566190822,5,5,48.75,3.16971566190822,5,47.5457349286233,1.0,-1.2042650713767031,48.147867464311645,0.9752971267409908,-2.4702873259009297,-2.5011804983249437,-0.0360862883610789,-2.4702873259009297
PEP-0328,17,0,1,1,1,28633,0.68633,0.0235277777777778,16.48,0.0470555555555556,15.9061666666667,223.524428592911,36.4041507364673,4.67475033213489,5,6,47.0555555555556,4.67475033213489,5,70.12125498202334,0.68633,23.065699426467745,58.58840526878947,1.490180153100849,49.01801531008489,39.36905147127299,0.5754867536901817,49.01801531008489
PEP-0286,13,0,0,0,2,17012,1.0,0.02055,13.9810082550205,0.0411,18.0121666666667,81.277813859433,18.5878254993695,5.31293245851755,5,5,41.1,5.31293245851755,5,79.69398687776325,1.0,38.59398687776326,60.39699343888162,1.9390264447144343,93.90264447144344,63.90051007558548,0.9553324792560578,93.90264447144344
PEP-0332,17,0,0,1,2,26051,0.76474,0.0188392857142857,21.39,0.0376785714285714,16.3666666666667,136.539226353042,20.0817770880276,3.23362431573798,5,6,37.6785714285714,3.23362431573798,5,48.5043647360697,0.76474,10.8257933074983,43.09146808232055,1.2873196328056424,28.731963280564237,25.1228231231692,0.3643703095110606,28.731963280564237
PEP-0150,12,0,0,1,1,18466,0.80147,0.0198214285714286,16.9014387436271,0.0317725607142857,13.4636666666667,68.9000690209906,13.0205664594905,2.74852056223809,5,4,31.7725607142857,2.74852056223809,5,41.22780843357135,0.80147,9.455247719285648,36.50018457392852,1.2975916170028543,29.75916170028544,25.90465727682751,0.3758364042705699,29.75916170028544
PEP-0324,17,0,0,3,1,38846,0.92061,0.01555,23.76,0.0311,15.3708333333333,121.05400718319,19.681069181257,1.8137061164337,5,6,31.1,1.8137061164337,5,27.2055917465055,0.92061,-3.894408253494497,29.15279587325275,0.8747778696625563,-12.522213033744364,-13.358609823998249,-0.1930113716800625,-12.522213033744364
PEP-0229,12,0,0,0,0,11026,1.0,0.01425,22.3296878269436,0.0285,13.3273333333333,43.388367517049,4.08734964898258,1.23567012787429,5,5,28.5,1.23567012787429,5,18.535051918114352,1.0,-9.964948081885648,23.51752595905717,0.6503526988812053,-34.96473011187947,-42.37243364473848,-0.6207057630142301,-34.96473011187947
PEP-0285,14,0,0,1,0,18155,1.0,0.0135,0.0,0.027,12.7766666666667,47.8989796192441,3.93403140516239,0.72230449006929,5,5,27.0,0.72230449006929,5,10.83456735103935,1.0,-16.16543264896065,18.91728367551968,0.4012802722607166,-59.871972773928334,-85.45324437820786,-1.3173178627944306,-59.871972773928334
PEP-0226,12,0,2,0,1,24138,0.92988,0.013625,13.2186522233598,0.02533923,12.7886666666667,98.7329483704187,10.941295584973,1.6992491861922,5,5,25.33923,1.6992491861922,5,25.488737792883,0.92988,0.1495077928829964,25.4139838964415,1.005900250042444,0.5900250042443926,0.5882894767393423,0.0084872475845874,0.5900250042443926
PEP-0135,11,0,1,1,2,25517,0.63984,0.0196071428571429,36.5848252846725,0.0250908685714286,10.1035,92.4954080599595,10.7863405018015,1.78283673026917,5,4,25.0908685714286,1.78283673026917,5,26.742550954037547,0.63984,1.6516823826089464,25.916709762733078,1.06582802735214,6.582802735213979,6.373040396447171,0.0919746762761621,6.582802735213979
